"outcome","uacr","HR","lo","hi"
"death_allcause",1.7295670636702,0.740574612197867,0.5927580635189,0.925252290919758
"death_allcause",1.74838446639595,0.740711152224904,0.594368381710596,0.923085796474095
"death_allcause",1.76740659934164,0.740847717425877,0.595979532856655,0.920929847681772
"death_allcause",1.7866356899381,0.74098430780543,0.597591375076124,0.918784586447472
"death_allcause",1.80607398985024,0.741120923368203,0.599203759457999,0.916650161792983
"death_allcause",1.82572377524069,0.741257564118841,0.600816529686143,0.91452673023232
"death_allcause",1.84558734703639,0.741394230061987,0.602429521642154,0.912414456168882
"death_allcause",1.86566703119796,0.741530921202285,0.604042562984871,0.910313512315987
"death_allcause",1.88596517899207,0.741667637544381,0.605655472705093,0.908224080142185
"death_allcause",1.90648416726682,0.741804379092922,0.607268060654066,0.906146350342807
"death_allcause",1.92722639873,0.741941145852556,0.608880127044179,0.904080523339304
"death_allcause",1.94819430223046,0.742077937827929,0.610491461920268,0.902026809807985
"death_allcause",1.96939033304252,0.742214755023692,0.612101844599844,0.89998543123982
"death_allcause",1.9908169731535,0.742351597444494,0.613711043080494,0.89795662053308
"death_allcause",2.01247673155432,0.742488465094986,0.615318813412657,0.895940622620606
"death_allcause",2.03437214453328,0.742625357979819,0.616924899035892,0.893937695133569
"death_allcause",2.0565057759731,0.742762276103647,0.618529030076747,0.891948109103652
"death_allcause",2.07888021765113,0.742899219471122,0.620130922606266,0.889972149705577
"death_allcause",2.1014980895428,0.743036188086898,0.621730277855172,0.888010117041971
"death_allcause",2.12436204012845,0.743173181955631,0.623326781384739,0.886062326972526
"death_allcause",2.14747474670346,0.743310201081976,0.624920102211432,0.884129111989414
"death_allcause",2.17083891569171,0.743447245470591,0.626509891883365,0.882210822140865
"death_allcause",2.19445728296255,0.743584315126132,0.628095783506795,0.880307826004721
"death_allcause",2.21833261415112,0.743721410053259,0.62967739072093,0.878420511713668
"death_allcause",2.24246770498222,0.74385853025663,0.631254306619543,0.876549288033678
"death_allcause",2.26686538159766,0.743995675740906,0.632826102618096,0.87469458549692
"death_allcause",2.29152850088722,0.744132846510748,0.634392327265418,0.872856857590139
"death_allcause",2.31645995082316,0.744270042570817,0.635952504999337,0.871036581999066
"death_allcause",2.34166265079839,0.744407263925777,0.637506134846197,0.86923426190895
"death_allcause",2.36713955196834,0.744544510580292,0.639052689064795,0.867450427360676
"death_allcause",2.39289363759652,0.744681782539025,0.640591611736011,0.865685636661179
"death_allcause",2.41892792340386,0.744819079806642,0.642122317300341,0.863940477845961
"death_allcause",2.44524545792182,0.744956402387809,0.643644189046625,0.862215570190421
"death_allcause",2.47184932284938,0.745093750287194,0.645156577556557,0.860511565765393
"death_allcause",2.49874263341389,0.745231123509463,0.646658799111131,0.858829151030749
"death_allcause",2.52592853873588,0.745368522059287,0.648150134066973,0.857169048459132
"death_allcause",2.55341022219775,0.745505945941334,0.649629825212593,0.855532018179743
"death_allcause",2.58119090181661,0.745643395160276,0.651097076117101,0.853918859629694
"death_allcause",2.60927383062104,0.745780869720783,0.652551049486628,0.852330413197634
"death_allcause",2.63766229703203,0.745918369627528,0.653990865546976,0.850767561841158
"death_allcause",2.66635962524807,0.746055894885184,0.655415600474564,0.849231232655917
"death_allcause",2.69536917563435,0.746193445498424,0.65682428490177,0.847722398370336
"death_allcause",2.72469434511628,0.746331021471924,0.658215902527248,0.846242078735355
"death_allcause",2.75433856757726,0.746468693168988,0.659589429520923,0.844791448956569
"death_allcause",2.78430531426079,0.746607131766805,0.660944152681225,0.84337263132412
"death_allcause",2.8145980941769,0.746747313424143,0.662279534217007,0.841988195763058
"death_allcause",2.84522045451306,0.74689021741547,0.663595050389488,0.840640683717439
"death_allcause",2.87617598104957,0.747036823787901,0.664890195367738,0.839332599552714
"death_allcause",2.90746829857943,0.747188113403316,0.666164486960807,0.838066405128037
"death_allcause",2.93910107133276,0.747345067993353,0.667417472893754,0.836844513872805
"death_allcause",2.97107800340593,0.747508670227285,0.668648737622401,0.835669284371718
"death_allcause",3.00340283919523,0.747679903792822,0.669857909669742,0.834543013474691
"death_allcause",3.03607936383538,0.747859753489852,0.671044669453182,0.833467928961655
"death_allcause",3.06911140364273,0.748049205337152,0.672208757556462,0.832446181807656
"death_allcause",3.10250282656333,0.748249246692108,0.673349983383481,0.831479838110355
"death_allcause",3.13625754262582,0.748460866383466,0.674468234113676,0.830570870759605
"death_allcause",3.17037950439933,0.748685054857183,0.675563483860707,0.829721150946751
"death_allcause",3.20487270745626,0.748922804335386,0.676635802918603,0.828932439628902
"death_allcause",3.2397411908402,0.749175108988535,0.677685366963135,0.828206379079917
"death_allcause",3.27498903753883,0.749442965120809,0.678712466061751,0.827544484674263
"death_allcause",3.3106203749621,0.749727371368811,0.67971751333409,0.826948137061333
"death_allcause",3.34663937542546,0.750029328913642,0.680701053097567,0.826418574895339
"death_allcause",3.38305025663847,0.750349841706436,0.681663768329965,0.825956888288562
"death_allcause",3.4198572821987,0.750689916707444,0.68260648728377,0.825564013152953
"death_allcause",3.45706476209091,0.751050564138759,0.683530189095908,0.825240726586256
"death_allcause",3.4946770531918,0.751432797750783,0.68443600825158,0.824987643443825
"death_allcause",3.53269855978017,0.75183763510257,0.685325237782036,0.824805214216265
"death_allcause",3.57113373405263,0.752266097856147,0.68619933110277,0.824693724306414
"death_allcause",3.60998707664496,0.752719212084967,0.68705990242994,0.824653294767975
"death_allcause",3.64926313715911,0.753198008596638,0.687908725747616,0.824683884533365
"death_allcause",3.68896651469595,0.753703523270076,0.688747732335182,0.824785294121697
"death_allcause",3.72910185839378,0.754236797407272,0.689579006901397,0.824957170780753
"death_allcause",3.76967386797278,0.754798878099846,0.690404782407372,0.825199014981075
"death_allcause",3.8106872942853,0.755390818610594,0.691227433693618,0.825510188147575
"death_allcause",3.85214693987217,0.756013678770228,0.692049470054744,0.825889921485643
"death_allcause",3.89405765952506,0.756668525389555,0.692873526928348,0.826337325735945
"death_allcause",3.93642436085498,0.757356432687327,0.693702356881176,0.82685140167561
"death_allcause",3.97925200486694,0.758078482734023,0.694538820085439,0.827431051173819
"death_allcause",4.02254560654085,0.75883576591184,0.695385874481183,0.828075088606924
"death_allcause",4.06631023541876,0.759629381391189,0.696246565817129,0.82878225244176
"death_allcause",4.11055101619852,0.760460437624002,0.69712401775322,0.829551216805165
"death_allcause",4.15527312933383,0.761330052854197,0.698021422193968,0.830380602871966
"death_allcause",4.20048181164087,0.762239355645626,0.698942030003776,0.831268989921696
"death_allcause",4.2461823569115,0.763189485427904,0.699889142234778,0.832214925935117
"death_allcause",4.29238011653317,0.764181593060494,0.700866101975562,0.833216937623895
"death_allcause",4.33908050011554,0.765216841415475,0.7018762869064,0.834273539809678
"death_allcause",4.3862889761239,0.766296405979417,0.702923102624283,0.835383244091267
"death_allcause",4.43401107251958,0.767421475474848,0.704009976779893,0.836544566759915
"death_allcause",4.48225237740718,0.768593252501774,0.705140354049214,0.837756035942351
"death_allcause",4.53101853968894,0.76981295419978,0.706317691945179,0.839016197968589
"death_allcause",4.58031526972626,0.771081812931261,0.707545457459911,0.840323622976616
"death_allcause",4.63014834000829,0.772401076986323,0.708827124515694,0.841676909778617
"death_allcause",4.68052358582792,0.773772011309983,0.710166172192895,0.843074690023494
"death_allcause",4.73144690596505,0.775195898252273,0.711566083695523,0.844515631698213
"death_allcause",4.78292426337733,0.776674038341915,0.713030346009631,0.845998442016086
"death_allcause",4.83496168589841,0.778207751084265,0.714562450206319,0.847521869743883
"death_allcause",4.88756526694376,0.779798375784237,0.716165892339194,0.849084707021666
"death_allcause",4.9407411662242,0.781447272394982,0.717844174885656,0.850685790730039
"death_allcause",4.99449561046718,0.783155822393109,0.719600808681976,0.852324003459098
"death_allcause",5.04883489414591,0.784925429681293,0.72143931530354,0.853998274132232
"death_allcause",5.10376538021644,0.786757521519138,0.723363229843665,0.855707578336148
"death_allcause",5.15929350086271,0.788653549483218,0.725376104046746,0.857450938406425
"death_allcause",5.21542575824976,0.790614990457249,0.727481509754028,0.859227423315626
"death_allcause",5.2721687252851,0.792643347653401,0.729683042622837,0.861036148408813
"death_allcause",5.3295290463884,0.79474015166581,0.731984326082397,0.862876275029277
"death_allcause",5.3875134382695,0.796906832577983,0.734388804466083,0.864746978640525
"death_allcause",5.44612869071493,0.799143340324082,0.736897475886839,0.866647124304171
"death_allcause",5.50538166738298,0.801448658451232,0.739509697246307,0.868575428456272
"death_allcause",5.56527930660738,0.803821753924043,0.742224732200755,0.870530695151723
"death_allcause",5.62582862220981,0.806261592258159,0.745041781807735,0.872511812120646
"death_allcause",5.68703670432115,0.808767136404499,0.747959987989137,0.874517743504527
"death_allcause",5.74891072021173,0.811337345649746,0.750978436389326,0.876547523269647
"death_allcause",5.8114579151306,0.813971174532755,0.754096158690621,0.878600249231681
"death_allcause",5.87468561315389,0.816667571776572,0.757312134442493,0.880675077631529
"death_allcause",5.93860121804251,0.819425479235851,0.760625292455471,0.882771218208226
"death_allcause",6.00321221410902,0.822243830859467,0.764034511805738,0.884887929720053
"death_allcause",6.06852616709408,0.825121551668188,0.767538622491979,0.887024515869797
"death_allcause",6.13455072505233,0.828057556747335,0.771136405781906,0.88918032159448
"death_allcause",6.20129361924801,0.831050750254367,0.774826594282267,0.891354729683873
"death_allcause",6.26876266506021,0.834100024441422,0.778607871762861,0.893547157695672
"death_allcause",6.33696576289806,0.837204258692862,0.78247887276213,0.895757055138457
"death_allcause",6.4059108991258,0.840362318577924,0.786438181999322,0.897983900896451
"death_allcause",6.47560614699804,0.843573054918624,0.790484333615852,0.900227200872724
"death_allcause",6.54605966760501,0.846835302873115,0.794615810266491,0.902486485829796
"death_allcause",6.61727971082829,0.850147881034739,0.79883104207914,0.904761309408721
"death_allcause",6.68927461630676,0.853509590547038,0.803128405500405,0.907051246309586
"death_allcause",6.76205281441322,0.856919214235082,0.807506222042715,0.909355890618051
"death_allcause",6.83562282724153,0.860375515753449,0.811962756947578,0.911674854264042
"death_allcause",6.90999326960449,0.863877238751295,0.81649621777841,0.914007765600082
"death_allcause",6.98517285004266,0.867423106054955,0.821104752955508,0.916354268087882
"death_allcause",7.06117037184405,0.871011818868572,0.825786450244894,0.918714019082961
"death_allcause",7.13799473407502,0.874642055993287,0.830539335212058,0.921086688707935
"death_allcause",7.21565493262227,0.878312473065567,0.835361369651063,0.923471958806025
"death_allcause",7.29416006124625,0.882021701815279,0.840250449998937,0.925869521967059
"death_allcause",7.37351931264602,0.885768349344174,0.845204405744873,0.92827908061891
"death_allcause",7.45374197953571,0.889550997425447,0.850220997843411,0.93070034617793
"death_allcause",7.53483745573259,0.893368201825119,0.855297917140456,0.933133038252427
"death_allcause",7.61681523725714,0.897218491645992,0.860432782820811,0.935576883893736
"death_allcause",7.69968492344496,0.901100368694975,0.86562314088568,0.938031616889798
"death_allcause",7.78345621807081,0.9050123068746,0.870866462668501,0.940496977096543
"death_allcause",7.86813893048492,0.908952751599608,0.876160143397368,0.942972709802655
"death_allcause",7.95374297676165,0.91292011923948,0.881501500812263,0.945458565123559
"death_allcause",8.04027838086055,0.916912796587842,0.886887773845319,0.947954297420689
"death_allcause",8.12775527580024,0.920929140359706,0.892316121372345,0.950459664742255
"death_allcause",8.21618390484487,0.924967476717505,0.897783621043922,0.952974428281858
"death_allcause",8.30557462270362,0.929026100826948,0.90328726820445,0.95549835185142
"death_allcause",8.39593789674317,0.933103276443725,0.908823974907657,0.958031201364908
"death_allcause",8.48728430821344,0.937197235532095,0.914390569037229,0.960572744329387
"death_allcause",8.57962455348657,0.941306177916467,0.919983793541367,0.963122749339895
"death_allcause",8.67296944530945,0.94542827096704,0.925600305790312,0.965680985574586
"death_allcause",8.7673299140699,0.949561649320635,0.931236677066067,0.968247222286493
"death_allcause",8.8627170090765,0.953704414637843,0.93688939219378,0.970821228288157
"death_allcause",8.95914189985251,0.957854635397639,0.942554849324465,0.973402771425251
"death_allcause",9.05661587744373,0.962010346730614,0.948229359878888,0.975991618035281
"death_allcause",9.15515035574067,0.966169550292,0.953909148662396,0.978587532387553
"death_allcause",9.25475687281508,0.970330214175663,0.959590354159831,0.981190276101258
"death_allcause",9.35544709227101,0.974490272870244,0.965269029017603,0.983799607540713
"death_allcause",9.4572328046106,0.978647627258634,0.970941140713207,0.986415281193498
"death_allcause",9.56012592861466,0.982800213324886,0.976602700867464,0.989037055143803
"death_allcause",9.66413851273841,0.986947039102324,0.982251709939895,0.991664812731605
"death_allcause",9.76928273652223,0.991087991581396,0.987887810002196,0.994298539886489
"death_allcause",9.87557091201789,0.995222984484821,0.993510695195278,0.996938224859466
"death_allcause",9.98301548523024,0.999351933270081,0.999120065085212,0.999583855265155
"death_allcause",10.0916290375746,1.00347475513972,1.00223541806662,1.00471562474336
"death_allcause",10.20142428735,1.00759136905137,1.00489289955985,1.01029708482515
"death_allcause",10.3124140912284,1.01170169572749,1.00755628535798,1.01586416164753
"death_allcause",10.4246114457604,1.01580565766489,1.01022556037508,1.02141657726506
"death_allcause",10.5380294888966,1.01990317914387,1.01290070880968,1.02695405954466
"death_allcause",10.6526815015267,1.02399418623723,1.01558171412791,1.03247634223904
"death_allcause",10.7685809090339,1.0280786068189,1.01826855904631,1.03798316505873
"death_allcause",10.8857412828677,1.03215637057236,1.02096122551428,1.04347427374284
"death_allcause",11.0041763421324,1.0362274089988,1.02365969469614,1.04894942012843
"death_allcause",11.1238999551941,1.04029165542494,1.0263639469529,1.05440836221854
"death_allcause",11.2449261413043,1.04434904501072,1.02907396182359,1.05985086424893
"death_allcause",11.3672690722418,1.04839951475658,1.03178971800625,1.06527669675341
"death_allcause",11.4909430739717,1.05244300351061,1.03451119333855,1.07068563662795
"death_allcause",11.6159626283235,1.05647945197537,1.03723836477807,1.07607746719336
"death_allcause",11.7423423746865,1.06050880271446,1.03997120838209,1.08145197825675
"death_allcause",11.8700971117242,1.06453100015889,1.04270969928711,1.08680896617156
"death_allcause",11.9992417991069,1.06854599061309,1.04545381168797,1.09214823389643
"death_allcause",12.1297915592639,1.07255372226081,1.04820351881652,1.09746959105265
"death_allcause",12.2617616791537,1.07655414517067,1.05095879291997,1.10277285398039
"death_allcause",12.3951676120548,1.08054721130149,1.05371960523883,1.1080578457936
"death_allcause",12.5300249793744,1.0845328745074,1.05648592598446,1.11332439643364
"death_allcause",12.6663495724782,1.0885110905427,1.05925772431626,1.11857234272166
"death_allcause",12.8041573545394,1.09248181706646,1.06203496831842,1.12380152840974
"death_allcause",12.9434644624078,1.09644501364691,1.06481762497638,1.12901180423064
"death_allcause",13.0842872084994,1.10040064176558,1.06760566015278,1.13420302794649
"death_allcause",13.2266420827066,1.10434866482124,1.07039903856321,1.13937506439608
"death_allcause",13.3705457543292,1.10828904813356,1.07319772375138,1.14452778554099
"death_allcause",13.5160150740262,1.1122217589466,1.07600167806411,1.14966107051049
"death_allcause",13.6630670757888,1.11614676643203,1.07881086262587,1.15477480564516
"death_allcause",13.8117189789353,1.12006404169217,1.08162523731295,1.15986888453936
"death_allcause",13.9619881901274,1.12397355776276,1.08444476072735,1.16494320808241
"death_allcause",14.1138923054083,1.12787528961561,1.08726939017027,1.16999768449867
"death_allcause",14.2674491122633,1.13176921416092,1.09009908161535,1.17503222938628
"death_allcause",14.4226765917026,1.13565531024947,1.09293378968154,1.18004676575479
"death_allcause",14.5795929203666,1.1395335586746,1.09577346760567,1.18504122406157
"death_allcause",14.7382164726548,1.14340394217395,1.09861806721479,1.19001554224698
"death_allcause",14.898565822877,1.14726644543102,1.1014675388982,1.19496966576841
"death_allcause",15.0606597474285,1.15112105507655,1.10432183157925,1.19990354763302
"death_allcause",15.2245172269885,1.15496775968968,1.10718089268693,1.20481714842941
"death_allcause",15.3901574487429,1.15880654979894,1.1100446681272,1.2097104363579
"death_allcause",15.557599808631,1.16263741788303,1.11291310225422,1.21458338725978
"death_allcause",15.7268639136168,1.16646035837145,1.11578613784136,1.21943598464522
"death_allcause",15.8979695839848,1.17027536764491,1.11866371605212,1.22426821971995
"death_allcause",16.0709368556608,1.17408244403559,1.12154577641098,1.22908009141078
"death_allcause",16.2457859825581,1.17788158782722,1.12443225677412,1.23387160638978
"death_allcause",16.4225374389494,1.18167280125498,1.12732309330019,1.23864277909719
"death_allcause",16.6012119218641,1.18545608850526,1.13021822042106,1.24339363176312
"death_allcause",16.7818303535116,1.1892314557152,1.13311757081262,1.24812419442781
"death_allcause",16.9644138837317,1.19299891097216,1.13602107536575,1.2528345049607
"death_allcause",17.1489838924709,1.19675846431293,1.13892866315733,1.25752460907799
"death_allcause",17.3355619922858,1.20051012772284,1.14184026142157,1.26219456035892
"death_allcause",17.5241700308743,1.20425391513477,1.14475579552151,1.26684442026061
"death_allcause",17.7148300936335,1.20798984242788,1.14767518892088,1.27147425813134
"death_allcause",17.9075645062459,1.21171792742635,1.15059836315638,1.27608415122251
"death_allcause",18.1023958372937,1.21543818989787,1.15352523781026,1.28067418469887
"death_allcause",18.2993469009018,1.21915065155205,1.1564557304836,1.28524445164731
"death_allcause",18.4984407594087,1.22285533603865,1.15938975677006,1.28979505308392
"death_allcause",18.6997007260675,1.22655226894576,1.16232723023031,1.29432609795944
"death_allcause",18.9031503677754,1.2302414777978,1.16526806236728,1.29883770316283
"death_allcause",19.1088135078337,1.23392299205337,1.16821216260214,1.30332999352318
"death_allcause",19.3167142287374,1.23759684310307,1.17115943825129,1.30780310180965
"death_allcause",19.5268768749947,1.24126306426714,1.17410979450439,1.31225716872946
"death_allcause",19.7393260559783,1.24492169079301,1.17706313440341,1.31669234292385
"death_allcause",19.9540866488067,1.24857275985273,1.18001935882303,1.32110878096202
"death_allcause",20.1711838012574,1.25221631054037,1.18297836645233,1.3255066473327
"death_allcause",20.3906429347112,1.25585238386919,1.18594005377794,1.32988611443362
"death_allcause",20.6124897471299,1.25948102276885,1.18890431506878,1.33424736255844
"death_allcause",20.8367502160643,1.26310227208245,1.19187104236253,1.33859057988134
"death_allcause",21.063450601697,1.26671617856348,1.19484012545389,1.34291596243886
"death_allcause",21.2926174499169,1.27032279087279,1.19781145188483,1.34722371410921
"death_allcause",21.5242775954276,1.2739221595753,1.20078490693704,1.35151404658861
"death_allcause",21.7584581648903,1.27751433713685,1.2037603736265,1.35578717936481
"death_allcause",21.9951865800992,1.28109937792077,1.20673773270058,1.36004333968747
"death_allcause",22.2344905611935,1.28467733818456,1.20971686263768,1.36428276253538
"death_allcause",22.4763981299027,1.28824827607639,1.21269763964957,1.36850569058034
"death_allcause",22.7209376128281,1.29181225163159,1.21567993768669,1.37271237414758
"death_allcause",22.9681376447598,1.29536932676908,1.21866362844642,1.37690307117256
"death_allcause",23.2180271720296,1.29891956528774,1.22164858138474,1.381078047154
"death_allcause",23.4706354559007,1.30246303286276,1.22463466373115,1.38523757510304
"death_allcause",23.7259920759937,1.3059997970419,1.22762174050727,1.38938193548827
"death_allcause",23.9841269337509,1.30952992724173,1.23060967454924,1.39351141617659
"death_allcause",24.2450702559371,1.31305349474388,1.23359832653401,1.39762631236966
"death_allcause",24.5088525981795,1.31657057269119,1.23658755500986,1.40172692653582
"death_allcause",24.7755048485452,1.32008123608387,1.23957721643121,1.40581356833726
"death_allcause",25.0450582311585,1.32358556177565,1.24256716519795,1.40988655455246
"death_allcause",25.3175443098571,1.32708362846983,1.24555725369957,1.41394620899332
"death_allcause",25.5929949918877,1.33057551671546,1.24854733236408,1.41799286241744
"death_allcause",25.8714425316429,1.33406130890335,1.2515372497121,1.42202685243474
"death_allcause",26.1529195344375,1.33754108926222,1.2545268524162,1.42604852340876
"death_allcause",26.4374589603268,1.34101494385469,1.25751598536571,1.43005822635218
"death_allcause",26.725094127966,1.34448296057342,1.26050449173712,1.43405631881656
"death_allcause",27.0158587185119,1.34794522913716,1.2634922130703,1.43804316477615
"death_allcause",27.3097867795664,1.35140184108684,1.26647898935072,1.44201913450549
"death_allcause",27.6069127291639,1.35485288978168,1.2694646590977,1.44598460445089
"death_allcause",27.9072713598012,1.3582984703953,1.27244905945904,1.44993995709547
"death_allcause",28.2108978425118,1.36173867991184,1.27543202631191,1.45388558081775
"death_allcause",28.5178277309841,1.36517361712217,1.27841339437038,1.4578218697437
"death_allcause",28.8280969657247,1.36860338262,1.28139299729951,1.46174922359209
"death_allcause",29.1417418782672,1.37202807879819,1.28437066783619,1.46566804751317
"death_allcause",29.4587991954259,1.37544780984495,1.28734623791683,1.46957875192044
"death_allcause",29.779306043597,1.37886268174017,1.29031953881182,1.47348175231576
"death_allcause",30.1032999531056,1.38227280225173,1.29329040126702,1.47737746910748
"death_allcause",30.4308188626006,1.38567828093193,1.2962586556521,1.48126632742177
"death_allcause",30.7619011234971,1.38907922911389,1.29922413211589,1.48514875690711
"death_allcause",31.0965855044671,1.39247575990809,1.30218666074859,1.48902519153203
"death_allcause",31.4349111959796,1.39586798819892,1.30514607175091,1.49289606937604
"death_allcause",31.7769178148891,1.39925603064128,1.30810219560999,1.496761832414
"death_allcause",32.1226454090751,1.40264000565728,1.31105486328203,1.500622926294
"death_allcause",32.4721344621312,1.40602003343304,1.31400390638156,1.50447980010874
"death_allcause",32.825425898106,1.40939623591545,1.31694915737701,1.50833290616092
"death_allcause",33.1825610862948,1.41276873680919,1.31989044979274,1.51218269972243
"death_allcause",33.5435818460841,1.41613766157363,1.32282761841689,1.51602963878792
"death_allcause",33.9085304518482,1.41950313742,1.32576049951519,1.51987418382286
"death_allcause",34.2774496378999,1.42286529330852,1.32868893105022,1.52371679750632
"death_allcause",34.6503826034938,1.42622425994568,1.33161275290591,1.52755794446896
"death_allcause",35.0273730178856,1.42958016978165,1.33453180711686,1.53139809102651
"death_allcause",35.408465025445,1.43293315700772,1.33744593810232,1.53523770490903
"death_allcause",35.7937032508254,1.4362833575539,1.34035499290406,1.53907725498655
"death_allcause",36.1831328041886,1.43963090908662,1.34325882142813,1.54291721099146
"death_allcause",36.576799286488,1.44297595100652,1.3461572766897,1.54675804323802
"death_allcause",36.9747487948073,1.44631862444641,1.34905021506074,1.55060022233967
"death_allcause",37.3770279277593,1.44965907226928,1.35193749651981,1.55444421892461
"death_allcause",37.7836837909415,1.45299743906651,1.35481898490362,1.55829050335018
"death_allcause",38.1947640024529,1.45633387115617,1.35769454815967,1.56213954541659
"death_allcause",38.6103166984693,1.45966851658146,1.36056405859943,1.5659918140807
"death_allcause",39.0303905388801,1.46300152510927,1.36342739315142,1.56984777717043
"death_allcause",39.4550347129863,1.46633304822891,1.36628443361367,1.57370790110039
"death_allcause",39.8842989452604,1.46966323915103,1.36913506690471,1.5775726505895
"death_allcause",40.3182335011687,1.47299225280653,1.37197918531282,1.58144248838101
"death_allcause",40.7568891930576,1.47632024584583,1.37481668674243,1.58531787496598
"death_allcause",41.2003173861033,1.47964737663811,1.37764747495733,1.58919926831054
"death_allcause",41.6485700043267,1.4829738052709,1.38047145981999,1.59308712358778
"death_allcause",42.1016995366735,1.48629969354961,1.38328855752619,1.59698189291488
"death_allcause",42.5597590431601,1.48962520499746,1.3860986908345,1.60088402509621
"death_allcause",43.0228021610874,1.49295050485538,1.38890178928977,1.60479396537297
"death_allcause",43.490883111321,1.49627576008228,1.39169778944023,1.60871215518012
"death_allcause",43.9640567046408,1.49960113935529,1.39448663504735,1.61263903191107
"death_allcause",44.4423783481587,1.50292681307039,1.39726827728807,1.61657502869094
"death_allcause",44.9259040518068,1.50625295334306,1.40004267494874,1.62052057415876
"death_allcause",45.4146904348959,1.50957973400926,1.4028097946102,1.62447609225931
"death_allcause",45.9087947327457,1.51290733062647,1.40556961082357,1.62844200204511
"death_allcause",46.4082748033865,1.51623592047505,1.40832210627625,1.63241871748895
"death_allcause",46.9131891343346,1.51956568255973,1.41106727194766,1.63640664730751
"death_allcause",47.4235968494404,1.52289679761135,1.41380510725431,1.64040619479651
"death_allcause",47.9395577158124,1.52622944808878,1.41653562018396,1.64441775767762
"death_allcause",48.461132150815,1.52956381818104,1.41925882741837,1.64844172795757
"death_allcause",48.9883812291438,1.53290009380972,1.42197475444446,1.65247849179985
"death_allcause",49.5213666899766,1.53623846263154,1.42468343565378,1.65652842940896
"death_allcause",50.0601509442035,1.53957911404115,1.42738491442977,1.66059191492761
"death_allcause",50.6047970817347,1.54292223917421,1.4300792432231,1.66466931634709
"death_allcause",51.155368878888,1.54626803091065,1.43276648361459,1.66876099543062
"death_allcause",51.7119308058571,1.54961668387822,1.43544670636609,1.67286730765001
"death_allcause",52.2745480342606,1.55296839445621,1.43811999145895,1.67698860213553
"death_allcause",52.8432864447736,1.5563233607795,1.44078642812032,1.68112522163884
"death_allcause",53.418212634842,1.55968178274281,1.44344611483741,1.68527750250919
"death_allcause",53.9993939264808,1.5630438620052,1.44609915935981,1.68944577468235
"death_allcause",54.5868983741574,1.56640980199487,1.44874567868999,1.69363036168244
"death_allcause",55.1807947727606,1.56977980791419,1.45138579906235,1.6978315806363
"death_allcause",55.7811526656559,1.57315408674501,1.45401965591092,1.70204974230014
"death_allcause",56.3880423528295,1.57653284725423,1.45664739382621,1.7062851510982
"death_allcause",57.0015348991193,1.57991629999967,1.45926916650133,1.71053810517304
"death_allcause",57.6217021425373,1.58330465733618,1.461885136668,1.71480889644735
"death_allcause",58.2486167026808,1.58669813342207,1.4644954760225,1.71909781069641
"death_allcause",58.8823519892365,1.59009694422579,1.46710036514241,1.72340512763132
"death_allcause",59.5229822105763,1.59350130753301,1.46969999339424,1.72773112099232
"death_allcause",60.1705823824468,1.59691144295379,1.47229455883254,1.73207605865154
"death_allcause",60.8252283367534,1.60032757193027,1.47488426809102,1.73644020272524
"death_allcause",61.4869967304402,1.60374991774449,1.47746933626607,1.74082380969448
"death_allcause",62.1559650544661,1.6071787055267,1.48004998679327,1.74522713053426
"death_allcause",62.8322116428787,1.61061416226379,1.48262645131737,1.74965041085013
"death_allcause",63.5158156819871,1.61405651680817,1.48519896955621,1.75409389102214
"death_allcause",64.2068572196344,1.6175059998869,1.48776778915916,1.75855780635552
"death_allcause",64.9054171745707,1.62096281291134,1.49033313998218,1.76304234962719
"death_allcause",65.611577345929,1.62442701357385,1.49289513827755,1.76754753550404
"death_allcause",66.325420422803,1.62789861766729,1.49545386646909,1.77207332758455
"death_allcause",67.0470299939303,1.63137764101372,1.49800940688117,1.77661968968571
"death_allcause",67.7764905574797,1.63486409946902,1.50056184168677,1.78118658590452
"death_allcause",68.5138875309466,1.63835800892294,1.50311125285457,1.7857739806713
"death_allcause",69.2593072611541,1.64185938529921,1.50565772209898,1.79038183880009
"death_allcause",70.0128370343647,1.64536824455557,1.50820133083257,1.79501012553637
"death_allcause",70.7745650865007,1.64888460268388,1.51074216012137,1.79965880660241
"death_allcause",71.544580613477,1.65240847571015,1.51328029064264,1.80432784823967
"death_allcause",72.3229737816448,1.65593987969468,1.51581580264522,1.80901721724896
"death_allcause",73.1098357383506,1.65947883073206,1.51834877591212,1.81372688102805
"death_allcause",73.9052586226086,1.6630253449513,1.52087928972585,1.81845680760695
"death_allcause",74.7093355758905,1.66657943851585,1.52340742283565,1.82320696568081
"death_allcause",75.5221607530315,1.67014112762374,1.52593325342726,1.82797732464072
"death_allcause",76.343829333256,1.67371042850757,1.52845685909464,1.83276785460228
"death_allcause",77.1744375313224,1.67728735743469,1.53097831681388,1.83757852643203
"death_allcause",78.0140826087898,1.68087193070716,1.53349770291917,1.84240931177199
"death_allcause",78.8628628854069,1.68446416466193,1.53601509308049,1.84726018306222
"death_allcause",79.720877750625,1.68806407567082,1.53853056228346,1.85213111356144
"death_allcause",80.5882276752361,1.69167168014065,1.54104418481063,1.85702207736604
"death_allcause",81.4650142231377,1.69528699451332,1.54355603422484,1.8619330494272
"death_allcause",82.3513400632256,1.69891003526586,1.54606618335401,1.86686400556642
"death_allcause",83.2473089814166,1.70254081891052,1.5485747042774,1.8718149224897
"death_allcause",84.1530258928004,1.70617936199482,1.55108166831368,1.87678577779976
"death_allcause",85.068596853926,1.70982568110164,1.55358714601019,1.88177655000727
"death_allcause",85.9941290752197,1.71347979284935,1.55609120713356,1.88678721854061
"death_allcause",86.9297309335397,1.71714171389176,1.55859392066178,1.89181776375412
"death_allcause",87.8755119848663,1.72081146091836,1.56109535477739,1.89686816693541
"death_allcause",88.8315829771307,1.7244890506542,1.56359557686178,1.90193841031125
"death_allcause",89.7980558631834,1.72817449986018,1.56609465349081,1.90702847705273
"death_allcause",90.7750438139029,1.73186782533295,1.56859265043121,1.91213835127874
"death_allcause",91.7626612314487,1.7355690439051,1.57108963263816,1.91726801805928
"death_allcause",92.7610237626563,1.73927817244514,1.57358566425375,1.92241746341703
"death_allcause",93.7702483125799,1.74299522785769,1.57608080860632,1.92758667432866
"death_allcause",94.790453058181,1.74672022708345,1.57857512821056,1.93277563872494
"death_allcause",95.8217574621672,1.75045318709937,1.58106868476854,1.93798434549027
"death_allcause",96.8642822869802,1.75419412491863,1.58356153917128,1.94321278446142
"death_allcause",97.9181496089372,1.7579430575908,1.58605375150119,1.94846094642548
"death_allcause",98.9834828325256,1.76170000220192,1.58854538103504,1.95372882311745
"death_allcause",100.060406704853,1.76546497587444,1.59103648624745,1.95901640721681
"death_allcause",101.149047330254,1.76923799576753,1.59352712481519,1.96432369234412
"death_allcause",102.24953218506,1.77301907907692,1.59601735362177,1.96965067305637
"death_allcause",103.361990132521,1.77680824303521,1.59850722876254,1.97499734484269
"death_allcause",104.486551437898,1.78060550491168,1.60099680555025,1.98036370411875
"death_allcause",105.623347783719,1.78441088201267,1.60348613852122,1.98574974822153
"death_allcause",106.772512285193,1.78822439168136,1.60597528144144,1.9911554754031
"death_allcause",107.934179505802,1.79204605129813,1.60846428731352,1.99658088482462
"death_allcause",109.108485473057,1.7958758782804,1.61095320838351,2.00202597654942
"death_allcause",110.295567694423,1.79971389008287,1.6134420961484,2.00749075153627
"death_allcause",111.495565173427,1.80356010419753,1.61593100136359,2.01297521163226
"death_allcause",112.708618425928,1.80741453815374,1.6184199740507,2.01847935956527
"death_allcause",113.934869496576,1.81127720951833,1.62090906350563,2.02400319893647
"death_allcause",115.174461975444,1.81514813589567,1.62339831830677,2.02954673421248
"death_allcause",116.42754101484,1.81902733492778,1.62588778632339,2.03510997071747
"death_allcause",117.694253346304,1.82291482429433,1.6283775147241,2.04069291462495
"death_allcause",118.974747297793,1.82681062171284,1.6308675499856,2.0462955729497
"death_allcause",120.269172811046,1.83071474493861,1.63335793790142,2.05191795353917
"death_allcause",121.577681459145,1.83462721176498,1.63584872359078,2.05756006506537
"death_allcause",122.900426464259,1.83854804002324,1.63833995150752,2.06322191701604
"death_allcause",124.237562715592,1.84247724758283,1.6408316654491,2.06890351968631
"death_allcause",125.589246787515,1.84641485235135,1.64332390856575,2.07460488416989
"death_allcause",126.955636957902,1.85036087227471,1.64581672336944,2.08032602235058
"death_allcause",128.336893226666,1.85431532533716,1.64831015174307,2.08606694689353
"death_allcause",129.73317733449,1.85827822956133,1.6508042349495,2.09182767123639
"death_allcause",131.14465278177,1.86224960300847,1.65329901364092,2.0976082095809
"death_allcause",132.571484847759,1.8662294637783,1.65579452786763,2.10340857688392
"death_allcause",134.013840609922,1.87021783000938,1.65829081708754,2.10922878884901
"death_allcause",135.471888963497,1.87421471987885,1.66078792017481,2.11506886191756
"death_allcause",136.945800641276,1.87822015160289,1.66328587542934,2.12092881326044
"death_allcause",138.435748233593,1.88223414343644,1.66578472058539,2.12680866076914
"death_allcause",139.94190620854,1.88625671367355,1.66828449282077,2.13270842304758
"death_allcause",141.46445093239,1.89028788064736,1.67078522876575,2.1386281194034
"death_allcause",143.003560690253,1.89432766273013,1.67328696451172,2.14456776983961
"death_allcause",144.55941570695,1.89837607833348,1.67578973562015,2.15052739504646
"death_allcause",146.13219816812,1.90243314590831,1.67829357713116,2.15650701639296
"death_allcause",147.72209224155,1.90649888394496,1.6807985235722,2.1625066559188
"death_allcause",149.329284098743,1.91057331097325,1.68330460896658,2.16852633632619
"death_allcause",150.953961936717,1.91465644556274,1.6858118668421,2.17456608097203
"death_allcause",152.596316000042,1.9187483063225,1.68832033023909,2.18062591385967
"death_allcause",154.256538603117,1.92284891190149,1.690830031719,2.18670585963144
"death_allcause",155.93482415269,1.92695828098848,1.69334100337245,2.19280594356066
"death_allcause",157.631369170623,1.93107643231214,1.69585327682733,2.19892619154403
"death_allcause",159.346372316902,1.93520338464126,1.6983668832569,2.20506663009427
"death_allcause",161.080034412902,1.93933915678468,1.7008818533876,2.21122728633241
"death_allcause",162.832558464901,1.94348376759146,1.7033982175069,2.21740818798069
"death_allcause",164.604149687849,1.94763723595089,1.70591600547095,2.22360936335504
"death_allcause",166.395015529405,1.95179958079271,1.70843524671227,2.2298308413583
"death_allcause",168.20536569422,1.95597082108708,1.71095597024718,2.23607265147294
"death_allcause",170.0354121685,1.96015097584466,1.71347820468315,2.24233482375415
"death_allcause",171.885369244825,1.96434006411679,1.71600197822616,2.2486173888232
"death_allcause",173.75545354724,1.96853810499553,1.71852731868795,2.25492037786049
"death_allcause",175.645884056628,1.97274511761369,1.72105425349283,2.26124382259916
"death_allcause",177.556882136345,1.97696112114501,1.72358280968493,2.26758775531847
"death_allcause",179.488671558143,1.98118613480423,1.72611301393498,2.27395220883746
"death_allcause",181.441478528376,1.98542017784708,1.72864489254691,2.28033721650865
"death_allcause",183.415531714483,1.98966326957053,1.73117847146476,2.28674281221195
"death_allcause",185.411062271769,1.99391542931269,1.7337137762789,2.29316903034842
"death_allcause",187.42830387047,1.99817667645309,1.7362508322329,2.29961590583449
"death_allcause",189.467492723113,2.00244703041262,1.73878966422933,2.30608347409608
"death_allcause",191.528867612182,2.00672651065373,1.7413302968366,2.31257177106267
"death_allcause",193.612669918071,2.01101513668036,1.74387275429443,2.31908083316193
"death_allcause",195.719143647356,2.01531292803825,1.74641706052044,2.32561069731406
"death_allcause",197.848535461361,2.01961990431485,1.74896323911579,2.33216140092622
"death_allcause",200.001094705046,2.0239360851395,1.75151131337103,2.33873298188743
"death_allcause",202.177073436203,2.02826149018346,1.75406130627182,2.34532547856326
"death_allcause",204.376726454971,2.03259613916001,1.75661324050461,2.35193892979048
"death_allcause",206.600311333671,2.03694005182464,1.75916713846212,2.35857337487247
"death_allcause",208.848088446969,2.04129324797497,1.76172302224883,2.36522885357383
"death_allcause",211.120321002364,2.04565574745104,1.7642809136862,2.37190540611593
"death_allcause",213.417275071009,2.05002757013514,1.76684083431801,2.37860307317176
"death_allcause",215.739219618867,2.05440873595216,1.76940280541546,2.38532189586166
"death_allcause",218.086426538207,2.0587992648696,1.77196684798229,2.39206191574864
"death_allcause",220.459170679438,2.0631991768975,1.77453298275956,2.39882317483376
"death_allcause",222.857729883299,2.06760849208881,1.77710123023083,2.405605715552
"death_allcause",225.282385013388,2.07202723053921,1.77967161062655,2.41240958076782
"death_allcause",227.733419989054,2.07645541238745,1.7822441439292,2.41923481377107
"death_allcause",230.21112181864,2.08089305781517,1.78481884987748,2.4260814582727
"death_allcause",232.715780633093,2.08534018704732,1.78739574797119,2.43294955840113
"death_allcause",235.247689719936,2.08979682035188,1.78997485747536,2.43983915869776
"death_allcause",237.807145557612,2.09426297804035,1.79255619742496,2.44675030411371
"death_allcause",240.394447850201,2.09873868046744,1.79513978662875,2.4536830400056
"death_allcause",243.009899562511,2.10322394803152,1.79772564367393,2.46063741213209
"death_allcause",245.653806955561,2.10771880117444,1.8003137869299,2.46761346665017
"death_allcause",248.326479622435,2.11222326038181,1.80290423455258,2.47461125011177
"death_allcause",251.028230524541,2.11673734618296,1.80549700448813,2.48163080946011
"death_allcause",253.759376028255,2.12126107915118,1.8080921144771,2.48867219202653
"death_allcause",256.520235941965,2.12579447990363,1.81068958205799,2.49573544552707
"death_allcause",259.311133553522,2.13033756910159,1.81328942457127,2.50282061805919
"death_allcause",262.132395668096,2.13489036745049,1.81589165916279,2.50992775809885
"death_allcause",264.984352646443,2.1394528957,1.81849630278766,2.5170569144971
"death_allcause",267.867338443588,2.14402517464412,1.8211033722135,2.5242081364774
"death_allcause",270.781690647933,2.14860722512132,1.82371288402419,2.53138147363239
"death_allcause",273.727750520783,2.1531990680146,1.82632485462311,2.53857697592123
"death_allcause",276.705863036313,2.1578007242516,1.8289393002366,2.54579469366664
"death_allcause",279.716376921957,2.16241221480457,1.83155623691699,2.55303467755217
"death_allcause",282.759644699247,2.16703356069078,1.83417568054618,2.56029697861973
"death_allcause",285.83602272509,2.17166478297227,1.83679764683858,2.5675816482666
"death_allcause",288.945871233498,2.17630590275614,1.83942215134417,2.57488873824321
"death_allcause",292.089554377768,2.18095694119458,1.84204920945165,2.5822183006505
"death_allcause",295.267440273125,2.18561791948502,1.84467883639144,2.58957038793737
"death_allcause",298.479901039828,2.19028885887016,1.84731104723841,2.5969450528986
"death_allcause",301.72731284674,2.1949697806381,1.84994585691503,2.60434234867219
"death_allcause",305.010055955382,2.19966070612248,1.85258328019391,2.61176232873741
"death_allcause",308.328514764454,2.2043616567024,1.85522333170067,2.61920504691226
"death_allcause",311.683077854852,2.20907265380287,1.85786602591685,2.62667055735162
"death_allcause",315.074138035168,2.21379371889448,1.86051137718209,2.63415891454503
"death_allcause",318.502092387684,2.2185248734938,1.86315939969721,2.64167017331451
"death_allcause",321.967342314875,2.22326613916339,1.8658101075265,2.64920438881279
"death_allcause",325.470293586405,2.22801753751187,1.86846351460028,2.65676161652128
"death_allcause",329.011356386646,2.23277909019408,1.87111963471746,2.66434191224802
"death_allcause",332.590945362708,2.23755081891103,1.87377848154771,2.67194533212593
"death_allcause",336.209479672993,2.24233274541021,1.87644006863406,2.67957193261121
"death_allcause",339.867383036276,2.24712489148555,1.87910440939512,2.68722177048129
"death_allcause",343.565083781323,2.25192727897762,1.88177151712745,2.69489490283324
"death_allcause",347.303014897045,2.25673992977359,1.88444140500763,2.70259138708209
"death_allcause",351.0816140832,2.26156286580736,1.8871140860944,2.71031128095926
"death_allcause",354.90132380165,2.26639610905984,1.88978957333123,2.71805464251088
"death_allcause",358.762591328165,2.27123968155884,1.89246787954793,2.72582153009632
"death_allcause",362.665868804802,2.27609360537924,1.89514901746303,2.73361200238669
"death_allcause",366.61161329285,2.28095790264313,1.89783299968555,2.74142611836351
"death_allcause",370.600286826347,2.28583259551984,1.90051983871736,2.74926393731689
"death_allcause",374.632356466186,2.29071770622611,1.90320954695475,2.7571255188447
"death_allcause",378.708294354806,2.29561325702607,1.90590213669044,2.76501092285085
"death_allcause",382.828577771476,2.30051927023163,1.90859762011589,2.77292020954407
