"replicate","c_clinical","c_categorical","c_continuous","delta_c_categorical","delta_c_continuous","nri_event","nri_nonevent","nri_total"
1,0.815950417850824,0.822069384007471,0.822510344263994,0.00611896615664709,0.00655992641317016,0.00709237597711032,0.0181055255824046,0.0251979015595149
2,0.815895654867549,0.822119045051604,0.822640861281578,0.00622339018405527,0.00674520641402909,0.00233196021874095,0.0202837562157976,0.0226157164345386
3,0.815097057359573,0.821614928223922,0.821983445112627,0.00651787086434907,0.00688638775305372,0.0105430146404827,0.0211398409793292,0.031682855619812
4,0.815139291828222,0.821550130105936,0.821822359674685,0.00641083827771338,0.00668306784646211,0.0109623467709728,0.0174106717644126,0.0283730185353853
5,0.816156731719465,0.82231452757618,0.822939569261907,0.00615779585671494,0.00678283754244169,0.00813287452352265,0.0195651080933095,0.0276979826168321
6,0.815802573703896,0.822067581447814,0.82251288938427,0.00626500774391725,0.00671031568037395,0.0076121262854538,0.019410343503237,0.0270224697886908
7,0.815496443361687,0.821798066392306,0.822240378264758,0.00630162303061899,0.00674393490307079,0.00932520795298211,0.0191191895871034,0.0284443975400855
8,0.815523672704813,0.822031739041175,0.822359153859268,0.0065080663363617,0.00683548115445498,0.0120560723933436,0.0187643895503461,0.0308204619436897
9,0.815787411395497,0.821845909556645,0.82240925980689,0.00605849816114834,0.00662184841139324,0.006909934835904,0.019460421932529,0.026370356768433
10,0.815882704412538,0.822157713316938,0.822544638509863,0.00627500890440036,0.00666193409732574,0.015883880359466,0.0208141151402461,0.0366979954997121
11,0.815424928508703,0.821708212122253,0.822225678517112,0.00628328361355057,0.00680075000840885,0.00542715898118742,0.0193523454665396,0.024779504447727
12,0.815546047745803,0.82185658971145,0.822309886050638,0.00631054196564662,0.00676383830483551,0.0083012801138015,0.01987368248031,0.0281749625941115
13,0.815756775507669,0.821993592465922,0.822441008446388,0.00623681695825218,0.00668423293871856,0.0127675572552646,0.0196438879345043,0.0324114451897689
14,0.815507594003725,0.821838519337407,0.822215641038345,0.00633092533368196,0.00670804703462002,0.0076865185631774,0.017464474532285,0.0251509930954624
15,0.815813720897561,0.822050258892659,0.822572179786932,0.00623653799509771,0.00675845888937077,0.0119741856279524,0.0198042987015837,0.031778484329536
16,0.815592955059869,0.821790178120558,0.822259587325998,0.00619722306068871,0.00666663226612874,0.014332520855239,0.0188766821465886,0.0332092030018276
17,0.815713303245248,0.822079296779536,0.822483946010912,0.00636599353428746,0.00677064276566408,0.00839923185334744,0.0183576780342345,0.0267569098875819
18,0.816257353705502,0.822715776420087,0.823216175138397,0.00645842271458497,0.0069588214328945,0.015603353820447,0.0202557810976104,0.0358591349180574
19,0.815094737005003,0.821204746242153,0.821622262545671,0.00611000923715044,0.00652752554066827,0.00429704245813004,0.0186777306638746,0.0229747731220046
20,0.81589771158584,0.822102843572704,0.822582924097147,0.00620513198686368,0.00668521251130683,0.0044651145751601,0.019623351151856,0.0240884657270161
21,0.815408891119224,0.821770468334178,0.822160816842531,0.0063615772149539,0.00675192572330674,0.00699969082976828,0.0195161498544422,0.0265158406842105
22,0.815638080133963,0.821870809503724,0.82230705291948,0.0062327293697606,0.00666897278551692,0.00909192741954878,0.0198632261747905,0.0289551535943392
23,0.815671788477607,0.821990169604966,0.822442703242975,0.00631838112735861,0.00677091476536751,0.0103245110244128,0.0202336110662558,0.0305581220906686
24,0.815487316754768,0.821846499268763,0.822291007428853,0.00635918251399437,0.0068036906740846,0.010824235162172,0.0189257851139877,0.0297500202761597
25,0.815823026641901,0.822013128485172,0.822481906907489,0.00619010184327051,0.00665888026558747,0.00766859845815815,0.0195523544467927,0.0272209529049508
26,0.816258228394412,0.822596650408233,0.823021348949887,0.00633842201382073,0.00676312055547412,0.0104085265024095,0.0191680723098088,0.0295765988122183
27,0.815072144970604,0.821294617131315,0.821775247656666,0.00622247216071081,0.00670310268606111,0.0114654946482045,0.020185989175243,0.0316514838234476
28,0.815374641928974,0.821751320887117,0.82218900199147,0.00637667895814231,0.00681436006249536,0.00507754362947573,0.0183251203358658,0.0234026639653415
29,0.815938157113523,0.822118291462565,0.822573819076046,0.00618013434904219,0.00663566196252274,0.0129350806571777,0.0199051248205973,0.032840205477775
30,0.81515648267045,0.821360193519403,0.822007653073508,0.00620371084895233,0.00685117040305816,0.00844942809515809,0.0186718507128576,0.0271212788080157
31,0.816191084692108,0.822542084529145,0.822768580681694,0.00635099983703713,0.00657749598958579,0.0116133341132893,0.0197090571584811,0.0313223912717704
32,0.815614524973253,0.821842268601899,0.822313089143717,0.00622774362864598,0.00669856417046333,0.00727422385392139,0.0185928716227474,0.0258670954766688
33,0.815693528652458,0.822037025075515,0.822452792688507,0.00634349642305709,0.00675926403604898,0.00781379789442065,0.0190485444289533,0.0268623423233739
34,0.815352930527528,0.821564824430779,0.821993914693755,0.00621189390325028,0.00664098416622627,0.00872237459934044,0.0189090006194201,0.0276313752187605
35,0.815975383715225,0.822299968434839,0.822772109605551,0.00632458471961339,0.00679672589032587,0.00698642515845166,0.0194389114175974,0.026425336576049
36,0.814800996494642,0.821106797756567,0.821530942867035,0.00630580126192526,0.00672994637239288,0.00952479407230785,0.0181852069868404,0.0277100010591483
37,0.816501248401846,0.822774052467546,0.823224578761942,0.00627280406570019,0.00672333036009587,0.00966845931357296,0.0195064572246587,0.0291749165382316
38,0.815777896805161,0.822169691596176,0.822622422684123,0.00639179479101526,0.006844525878962,0.0026601363986764,0.0179928909005862,0.0206530272992626
39,0.815555763957066,0.821730526918872,0.822164782288185,0.0061747629618063,0.00660901833111938,0.00884600129997879,0.0215183127272858,0.0303643140272646
40,0.81455253476002,0.82073718068961,0.821175866059173,0.00618464592959012,0.00662333129915293,0.0089724846022785,0.019166395430402,0.0281388800326805
41,0.816745967228644,0.823119520454398,0.823571409985057,0.00637355322575417,0.00682544275641295,0.00540310578666415,0.0204366392926385,0.0258397450793027
42,0.815338871995526,0.821850587888126,0.822246151425488,0.00651171589260002,0.0069072794299615,0.00674092858252424,0.0192916682764506,0.0260325968589749
43,0.815987782844477,0.822026556774647,0.822516477886346,0.00603877393016949,0.00652869504186904,0.0134123574489353,0.0197505920594905,0.0331629495084258
44,0.816222180616514,0.822418558333467,0.822858802899446,0.00619637771695292,0.00663662228293183,0.00876912722555658,0.0191670446656421,0.0279361718911987
45,0.815101031052031,0.821466381988286,0.821914859004965,0.00636535093625445,0.00681382795293417,0.00429476444319251,0.0206013644510268,0.0248961288942193
46,0.815341924662198,0.821536045202004,0.822007380718836,0.00619412053980639,0.00666545605663749,0.010796022744359,0.0195902706641693,0.0303862934085283
47,0.815955673145529,0.822344580357645,0.822760319708576,0.00638890721211638,0.00680464656304713,0.00616652912795873,0.0196833810762413,0.0258499102042
48,0.815425497384879,0.821655307537025,0.822095630171672,0.00622981015214663,0.00667013278679329,0.0110150383694549,0.0191195286039594,0.0301345669734143
49,0.815875472570588,0.822197221661075,0.822661077877501,0.00632174909048666,0.00678560530691319,0.00718022740481026,0.0201200013314046,0.0273002287362148
50,0.814833386669206,0.821181705449847,0.821546838785614,0.00634831878064079,0.00671345211640817,0.00888447164402397,0.0190992080239124,0.0279836796679364
51,0.816508332660893,0.822720378272688,0.823236524198554,0.00621204561179511,0.00672819153766113,0.00812501763283446,0.0179341389995793,0.0260591566324137
52,0.816191126182178,0.822555265269515,0.822889861822571,0.00636413908733724,0.0066987356403928,0.011390243340741,0.0212005002081984,0.0325907435489393
53,0.815122210066035,0.821325719149627,0.821871504272458,0.00620350908359235,0.00674929420642367,0.00569792552311376,0.018002731233318,0.0237006567564318
54,0.816116306649505,0.822273470483672,0.82273430564607,0.00615716383416676,0.00661799899656501,0.0042120126764529,0.0199450683558986,0.0241570810323515
55,0.815184145753378,0.821602689216987,0.82201259174298,0.00641854346360915,0.00682844598960242,0.00706687190751954,0.0177058406833433,0.0247727125908628
56,0.816137367899495,0.822242840737113,0.822657244178328,0.00610547283761831,0.00651987627883355,0.0109449797878091,0.0192278745527686,0.0301728543405777
57,0.815178135201295,0.821632431631315,0.822095944997419,0.0064542964300206,0.00691780979612466,0.0108705088543346,0.0190349173896348,0.0299054262439694
58,0.816317844692728,0.822386323624698,0.822885639714505,0.00606847893196949,0.00656779502177685,0.0189506920008338,0.0184918548224871,0.0374425468233208
59,0.815030004032444,0.821522241238182,0.821927218787663,0.00649223720573788,0.00689721475521954,0.00541893838990898,0.0202051770782715,0.0256241154681805
60,0.815576840373666,0.821496847302747,0.821975856815295,0.00592000692908112,0.00639901644162888,0.000872564073007164,0.0201472239066155,0.0210197879796227
61,0.815739346531803,0.822386102018649,0.822794657836392,0.0066467554868459,0.00705531130458881,0.0151224943462181,0.0199953679154583,0.0351178622616764
62,0.815352551391628,0.821802735175484,0.822223227519121,0.00645018378385598,0.00687067612749237,0.0134204539887093,0.0198175269787929,0.0332379809675022
63,0.815971433921545,0.822083998463832,0.822553535919898,0.00611256454228637,0.00658210199835252,0.00332281508032322,0.0197929380940134,0.0231157531743367
64,0.815477933684725,0.821809193180603,0.822224139441307,0.00633125949587754,0.00674620575658169,0.00513149641966598,0.0197265094137823,0.0248580058334483
65,0.815826295320087,0.822061753361429,0.822523401316654,0.00623545804134218,0.00669710599656737,0.0122983459440466,0.0196424143803499,0.0319407603243965
66,0.815864498984153,0.82198320027612,0.822496768680784,0.00611870129196679,0.00663226969663144,0.00623567147075258,0.0189086307905042,0.0251443022612567
67,0.815442462334416,0.821881164142491,0.822261597636994,0.00643870180807493,0.00681913530257827,0.00793210793207214,0.0197849662294877,0.0277170741615599
68,0.815521485384827,0.821790955102118,0.822231273829758,0.00626946971729148,0.00670978844493164,0.00657156707513061,0.0192387075606363,0.0258102746357669
69,0.815783697452977,0.822069789642437,0.822512171118338,0.00628609218945997,0.00672847366536145,0.0100096810129329,0.0198694262453713,0.0298791072583043
70,0.814792974004877,0.820984220371873,0.821375402053641,0.00619124636699564,0.0065824280487643,0.00490219540199642,0.0202042368297177,0.0251064322317141
71,0.816505523304535,0.822878026864424,0.823376067959005,0.00637250355988883,0.00687054465446979,0.00911143713641113,0.019969672294265,0.0290811094306761
72,0.815345139361898,0.821542626027007,0.822033400248986,0.00619748666510878,0.00668826088708785,0.00986709157491362,0.0181957951501904,0.028062886725104
73,0.815962382328613,0.822337749823338,0.822735673269755,0.00637536749472534,0.00677329094114276,0.010870317050884,0.0199419856507321,0.0308123027016161
74,0.815900285264023,0.822081436339437,0.822560576472656,0.00618115107541417,0.00666029120863287,0.0135210322265076,0.0194178197112589,0.0329388519377665
75,0.815393620932143,0.821791431328413,0.822201420097997,0.0063978103962703,0.00680779916585372,0.00439383102634742,0.0184013431416052,0.0227951741679526
76,0.815421155521943,0.821758401563548,0.822200729156402,0.00633724604160535,0.00677957363445936,0.0138842040317401,0.0199368474729793,0.0338210515047194
77,0.815893106333906,0.822114425584394,0.822552496450723,0.00622131925048808,0.00665939011681771,0.00758325147326972,0.0196523273293362,0.0272355788026059
78,0.815963832049635,0.822174849466598,0.822713816714415,0.00621101741696317,0.00674998466478016,0.00575949889805271,0.0205375205148982,0.0262970194129509
79,0.815357553784148,0.821677960410119,0.822051141579171,0.00632040662597033,0.00669358779502283,0.00978194669500115,0.0191663601455252,0.0289483068405263
80,0.815801018678894,0.822213044405927,0.822638278354579,0.00641202572703337,0.0068372596756856,0.00968481500225542,0.0214338271237996,0.031118642126055
81,0.81552211410359,0.821677754038166,0.822152151785012,0.00615563993457624,0.00663003768142156,-0.000605714809578059,0.018321813524699,0.017716098715121
82,0.815560059668514,0.821984121005128,0.822414334942946,0.00642406133661466,0.00685427527443205,0.00890948211700966,0.0195357165336667,0.0284451986506763
83,0.815750425323758,0.821892696250267,0.822345705999573,0.00614227092650954,0.00659528067581494,0.0131043864374275,0.0180835093531316,0.031187895790559
84,0.815627338830557,0.821800879774827,0.822261527498747,0.0061735409442707,0.00663418866819032,0.0154778334027687,0.019836395300572,0.0353142287033406
85,0.815692027399687,0.822071820444106,0.82249143114729,0.00637979304441927,0.0067994037476028,0.00373814622938537,0.0193917953397555,0.0231299415691409
86,0.815565002821221,0.82177291723146,0.822247999875913,0.00620791441023893,0.00668299705469144,0.0110136977750894,0.0213411230349152,0.0323548208100045
87,0.815733564507363,0.822110946406611,0.822518247177754,0.00637738189924775,0.00678468267039112,0.00716030231673224,0.0179279810963217,0.0250882834130539
88,0.815531159373302,0.821845789675167,0.822312305432395,0.00631463030186508,0.00678114605909297,0.00809871446937044,0.0184947772109807,0.0265934916803511
89,0.815777761897443,0.822010089302107,0.822433334438824,0.00623232740466417,0.00665557254138138,0.0111624695879732,0.0197189829412689,0.0308814525292421
90,0.81571560055975,0.821967998556415,0.822398136676363,0.00625239799666477,0.00668253611661263,0.00602600546508991,0.0196227975953913,0.0256488030604812
91,0.815591483236334,0.821904081919572,0.822348206223803,0.0063125986832383,0.0067567229874691,0.0139392416383319,0.0200147449065539,0.0339539865448858
92,0.81556334949815,0.821959796014843,0.822408005435789,0.00639644651669302,0.0068446559376385,0.0129724959133648,0.018644401200353,0.0316168971137178
93,0.815756164198039,0.821922331417762,0.822363551002336,0.00616616721972341,0.00660738680429696,0.00457612825154706,0.020464658394049,0.0250407866455961
94,0.8156000818985,0.822039265074922,0.822520596063955,0.00643918317642234,0.0069205141654558,0.0118916700153734,0.0200412725555972,0.0319329425709706
95,0.815709667304816,0.821831694474543,0.822235389376793,0.00612202716972732,0.00652572207197766,0.00106445385090126,0.0208585365864381,0.0219229904373394
96,0.815509785721419,0.821860271880644,0.822254262921955,0.00635048615922473,0.00674447720053584,0.0100107944884078,0.0197787058056201,0.0297895002940279
97,0.815798411328954,0.822000547913169,0.822505461249736,0.00620213658421465,0.00670704992078153,0.00982377804875721,0.0193680373857062,0.0291918154344634
98,0.815680605929336,0.82194205702494,0.822338907835683,0.00626145109560328,0.00665830190634653,0.0104276674153898,0.0194442564125256,0.0298719238279154
99,0.815621640550187,0.821916931078097,0.822406874532456,0.00629529052790978,0.00678523398226816,0.00822482054917545,0.0200378211504039,0.0282626416995793
100,0.816447946439785,0.822791585301197,0.823166374295478,0.00634363886141176,0.00671842785569343,0.00318610447610778,0.019180508476271,0.0223666129523788
101,0.814859287509183,0.821086875194641,0.821596806236389,0.00622758768545828,0.00673751872720607,0.00801513922364269,0.0188755291495013,0.026890668373144
102,0.814947165299126,0.821035359512923,0.821524594847808,0.00608819421379669,0.00657742954868235,0.00882995759136684,0.017844001325394,0.0266739589167609
103,0.816379160854901,0.822859484894574,0.823266328409947,0.00648032403967302,0.00688716755504515,0.0110274531364918,0.02067810913187,0.0317055622683618
104,0.816021878647215,0.82218113366963,0.822625232965664,0.00615925502241566,0.00660335431844961,0.00215513465639935,0.018708505637397,0.0208636402937964
105,0.815286370524042,0.821679833202438,0.8221306994765,0.00639346267839569,0.00684432895245835,0.0173639279048883,0.0204644124073426,0.0378283403122308
106,0.81552603139087,0.821771155235908,0.822147682774021,0.00624512384503739,0.00662165138315074,0.00441946499465588,0.0198551977907158,0.0242746627853717
107,0.815793015628817,0.822101753304325,0.822619819318588,0.00630873767550821,0.0068268036897714,0.0122101382064781,0.0198771211512291,0.0320872593577072
108,0.816747213215901,0.823054615978028,0.823464138641931,0.00630740276212693,0.00671692542603008,0.00746082556086345,0.0192549199121497,0.0267157454730132
109,0.814561506516983,0.820824669595507,0.821298768700451,0.00626316307852459,0.00673726218346826,0.00794516168844517,0.0193843951306119,0.027329556819057
110,0.815846279473957,0.822107745941463,0.822587894764257,0.00626146646750558,0.00674161529030015,0.00682070815286064,0.0187964317710245,0.0256171399238851
111,0.81545321735101,0.821748278658737,0.822167126279677,0.00629506130772717,0.00671390892866719,0.00782372764256199,0.0193260911221255,0.0271498187646875
112,0.814785591990602,0.8211360188376,0.821566677046064,0.00635042684699771,0.00678108505546238,0.0100237738344004,0.0195066153135205,0.0295303891479209
113,0.81650540336804,0.822735408886855,0.823184319280779,0.00623000551881558,0.00667891591273873,0.0118929715489357,0.0194170969057185,0.0313100684546543
114,0.815802430676167,0.822055193973869,0.822482638196613,0.00625276329770252,0.00668020752044596,0.011458297556435,0.0199160032861604,0.0313743008425954
115,0.815505743695178,0.821799167407575,0.822272345488549,0.00629342371239772,0.00676660179337141,0.010061664418526,0.0190782386656869,0.0291399030842129
116,0.815775717510544,0.822009284482282,0.822461323937036,0.00623356697173838,0.0066856064264923,0.0137001479045986,0.0199911701889568,0.0336913180935554
117,0.81554087262466,0.821880204955415,0.82228505320529,0.00633933233075545,0.00674418058063053,0.00638710949555837,0.0206760938728278,0.0270632033683861
118,0.814888646949761,0.821206104860969,0.821612392648499,0.0063174579112073,0.00672374569873779,0.00632519216144236,0.0200565753987985,0.0263817675602409
119,0.816428014144087,0.82270589469633,0.823157016245076,0.00627788055224276,0.0067290021009887,0.010633567760306,0.0186508247682186,0.0292843925285247
120,0.815532036624225,0.82184185112983,0.822292177547508,0.00630981450560486,0.00676014092328248,0.0143401214642647,0.0198872067861882,0.0342273282504529
121,0.815773398967549,0.822024506889077,0.822458619535654,0.00625110792152883,0.00668522056810583,0.0080171944490086,0.0190979472109892,0.0271151416599978
122,0.815199283358582,0.821519163968128,0.821926607699884,0.00631988060954591,0.00672732434130208,0.00817719074113608,0.020677969266661,0.0288551600077971
123,0.816110829621828,0.822353149252981,0.822825289195019,0.00624231963115252,0.00671445957319039,0.00616827900548363,0.0195177617725099,0.0256860407779935
124,0.815747060343728,0.821926003580244,0.822383098905842,0.00617894323651624,0.00663603856211414,0.00758175481751917,0.0191684379360438,0.026750192753563
125,0.815550108754417,0.821936806256656,0.822370456608977,0.00638669750223819,0.00682034785455943,0.00869866998477726,0.0195034726050686,0.0282021425898458
126,0.815534375300097,0.821816432256947,0.822281337402933,0.00628205695684969,0.00674696210283576,0.0133012510199378,0.0196008187773897,0.0329020697973275
127,0.815768218014831,0.822033150203908,0.822468781613913,0.00626493218907664,0.00670056359908178,0.00779166753309422,0.0198238363332487,0.0276155038663429
128,0.815263527747846,0.821579677197059,0.822044292347437,0.00631614944921277,0.00678076459959076,0.00664090552073117,0.0187192392573237,0.0253601447780549
129,0.816046226047856,0.822302652939182,0.822711287617311,0.00625642689132577,0.00666506156945501,0.0123382171543235,0.0202726876191026,0.0326109047734261
130,0.81473685141182,0.821286104323614,0.821619770195678,0.00654925291179353,0.00688291878385805,0.00952934428493971,0.0180946684874985,0.0276240127724382
131,0.816585446964825,0.822618760258216,0.823180396376763,0.00603331329339074,0.00659494941193761,0.012903088791221,0.0200459802550232,0.0329490690462442
132,0.815604397031332,0.82188177986074,0.822330396716609,0.00627738282940782,0.00672599968527643,0.00533049952971243,0.0194953525342424,0.0248258520639549
133,0.81570252197679,0.821989896852662,0.822419163556817,0.00628737487587205,0.00671664158002683,0.0119281257374096,0.0197405127407787,0.0316686384781883
134,0.815874536723346,0.822106994681621,0.822553279967856,0.00623245795827521,0.00667874324451001,0.00800924502600937,0.0199073773789468,0.0279166224049562
135,0.815435367215948,0.821754790684945,0.822203433583494,0.00631942346899628,0.00676806636754623,0.0116264147768699,0.0197741425896183,0.0314005573664882
136,0.816004120635877,0.822500687538767,0.822877674040962,0.00649656690289058,0.00687355340508544,0.0113830369055565,0.0192326395383564,0.0306156764439128
137,0.815305714411694,0.821393175888019,0.821882868770835,0.00608746147632477,0.00657715435914064,0.00877774933143884,0.0196949130206281,0.028472662352067
138,0.81648044336788,0.822953180806033,0.823253067771113,0.00647273743815258,0.00677262440323245,0.0114372905421653,0.0198050648786595,0.0312423554208247
139,0.814838993496156,0.820936967714291,0.821515442910609,0.00609797421813552,0.006676449414453,0.00495541464216964,0.0197856009658543,0.024741015608024
140,0.816185172830611,0.822390399476112,0.822783926525467,0.00620522664550083,0.00659875369485585,0.010868083703946,0.0197890961763757,0.0306571798803217
141,0.815146726995347,0.821507117261626,0.822006189699093,0.00636039026627899,0.00685946270374627,0.0110370685028983,0.0170751234003685,0.0281121919032668
142,0.81530164962799,0.821596335002738,0.82208351728023,0.0062946853747482,0.00678186765223965,0.0106652310863372,0.0191204666779917,0.029785697764329
143,0.816009465293866,0.822262125848164,0.822663458779169,0.00625266055429841,0.00665399348530249,0.00973311761176998,0.0197061034143054,0.0294392210260754
144,0.81600298102133,0.822425250156765,0.822984767389874,0.00642226913543453,0.00698178636854363,0.0065434820257199,0.0195062574755721,0.026049739501292
145,0.815321248414918,0.821449334079832,0.821780190116292,0.0061280856649143,0.00645894170137429,0.0105675217060379,0.018604662306083,0.0291721840121209
146,0.815483723174177,0.82181630085515,0.822308042318149,0.0063325776809734,0.00682431914397252,0.010698781948798,0.0188055101239688,0.0295042920727668
147,0.815822880113112,0.822050940939943,0.822459806402304,0.00622806082683125,0.00663692628919244,0.00951928796779118,0.0193042399465776,0.0288235279143688
148,0.816175108742036,0.822479333515356,0.82292736787374,0.00630422477331982,0.00675225913170341,0.0135138440052521,0.0199413668727524,0.0334552108780045
149,0.81513310943345,0.821391610365216,0.821828029425841,0.00625850093176572,0.00669491999239136,0.0101354975722165,0.018952852129876,0.0290883497020925
150,0.815920400000998,0.822084829442899,0.82242882587649,0.00616442944190065,0.00650842587549172,0.00993781969543174,0.0203936711138492,0.0303314908092809
151,0.815408636447622,0.82179888114086,0.822358064696474,0.00639024469323868,0.00694942824885225,0.00500367144440746,0.0194914835582038,0.0244951550026113
152,0.815850132217016,0.822099985094276,0.822560922629882,0.00624985287725954,0.00671079041286615,0.0080724628990032,0.0194248539584781,0.0274973168574813
153,0.815452306187942,0.821763492917043,0.822201661097918,0.00631118672910069,0.00674935490997575,0.0116731655737813,0.0202122857247068,0.0318854512984881
154,0.815711068193775,0.821966082857042,0.82239758814158,0.0062550146632665,0.00668651994780489,0.0104144557671606,0.0197941663358613,0.0302086221030219
155,0.815624577684684,0.821921503563499,0.822405106809263,0.00629692587881547,0.00678052912457972,0.00549496187974373,0.019233659313012,0.0247286211927558
156,0.815657390689363,0.821875710136872,0.822303908553731,0.00621831944750884,0.00664651786436732,0.00967806069821736,0.0197861959978221,0.0294642566960395
157,0.815660212581732,0.821995827786457,0.822474568557542,0.0063356152047247,0.00681435597580937,0.00650727949455136,0.020326446779242,0.0268337262737934
158,0.815636067820179,0.821881682538895,0.822304540206567,0.00624561471871554,0.00666847238638757,0.00799385078883085,0.0195814826643048,0.0275753334531357
159,0.815666960827371,0.821991954125795,0.822451756717476,0.00632499329842406,0.00678479589010461,0.00863272158725897,0.0189538499771418,0.0275865715644008
160,0.815283922027244,0.821512325174462,0.821943372126484,0.00622840314721818,0.0066594500992404,0.0104885864741177,0.0193264656416804,0.0298150521157981
161,0.816021007988403,0.822352397367283,0.822805132980068,0.00633138937887989,0.00678412499166492,0.0102495490297153,0.0195266597281718,0.0297762087578871
162,0.816469693518307,0.822738347014579,0.823095870314561,0.00626865349627259,0.00662617679625477,0.00891556915683795,0.0200601984931081,0.028975767649946
163,0.814833298081381,0.821142036330175,0.821663943747892,0.00630873824879385,0.00683064566651026,0.0107868796218445,0.0193633875572841,0.0301502671791285
164,0.815532840943773,0.82181012490466,0.822247454246456,0.00627728396088745,0.00671461330268353,0.00997114480245094,0.0197826035321188,0.0297537483345697
165,0.815768617810031,0.822046688455742,0.822500669312623,0.0062780706457104,0.00673205150259193,0.0117895668244914,0.0196727680998921,0.0314623349243835
166,0.815447492543008,0.821655546901296,0.822109526399179,0.00620805435828886,0.00666203385617181,0.00819850457798499,0.0200811353347348,0.0282796399127198
167,0.815449450836643,0.821745513463517,0.822115213122999,0.00629606262687343,0.00666576228635585,0.00866221267770411,0.0188573957463636,0.0275196084240677
168,0.816065603823444,0.822406269734599,0.822905739440243,0.00634066591115467,0.00684013561679908,0.00789002666300829,0.021046059461743,0.0289360861247513
169,0.815643641217167,0.821990436040618,0.822414339358771,0.00634679482345135,0.00677069814160436,0.0128292473961529,0.0205363683961774,0.0333656157923303
170,0.815668980053825,0.821895605810337,0.822344253772907,0.00622662575651267,0.00667527371908216,0.00799171350298465,0.0193649230917638,0.0273566365947484
171,0.815165426975611,0.821522450937386,0.821896459468348,0.00635702396177507,0.00673103249273699,0.0179563079166389,0.0203587742150071,0.038315082131646
172,0.816136171153308,0.822337389130386,0.822843631968087,0.0062012179770774,0.00670746081477858,0.00495790740427188,0.0187000784523036,0.0236579858565754
173,0.816308486579006,0.822507399147792,0.822955925992888,0.00619891256878646,0.00664743941388202,0.0110592788624419,0.0184122783343143,0.0294715571967563
174,0.815012451289586,0.821380974425183,0.821830849675256,0.00636852313559755,0.00681839838566989,0.0101916768483872,0.0199792919573507,0.0301709688057379
175,0.816190018149756,0.822476191043503,0.822882657053121,0.00628617289374667,0.00669263890336458,0.0111771169872659,0.0171226145902883,0.0282997315775542
176,0.81512118927916,0.821398928361447,0.82188280540339,0.00627773908228657,0.00676161612422899,0.00727793351690252,0.0209008916526269,0.0281788251695294
177,0.816367993552184,0.822541764400099,0.823042886508852,0.00617377084791471,0.00667489295666723,0.0083701820018513,0.0196235179289472,0.0279936999307985
178,0.814942622963766,0.821327684640841,0.821701172528446,0.00638506167707575,0.00675854956468025,0.0109809232527137,0.0186719653300365,0.0296528885827502
179,0.815654779646433,0.821938460815685,0.822381342231791,0.0062836811692526,0.0067265625853582,0.0122273931869199,0.0195846351120437,0.0318120282989636
180,0.815641830892891,0.821914814874063,0.822369187554797,0.00627298398117127,0.00672735666190583,0.00827587545412697,0.0195963319464187,0.0278722074005456
181,0.816338236486508,0.82243100547346,0.82286800712665,0.00609276898695221,0.00652977064014226,0.00936166726548057,0.0191081481794879,0.0284698154449684
182,0.814985681211576,0.821439275628151,0.821890968788694,0.00645359441657578,0.00690528757711872,0.00771845880264784,0.0195897355072763,0.0273081943099241
183,0.815729645937564,0.821989024639532,0.822436051402642,0.00625937870196758,0.00670640546507817,0.00817567779933009,0.019412840263992,0.0275885180633221
184,0.815576526643502,0.821872451676343,0.822318746273001,0.0062959250328416,0.00674221962949906,0.0106921616892398,0.0199900357321182,0.030682197421358
185,0.814799786294345,0.821061553738416,0.821538139510505,0.00626176744407059,0.00673835321615912,0.0128762922976226,0.0199921894137544,0.032868481711377
186,0.814936031594445,0.82119607259696,0.821690936839723,0.00626004100251532,0.00675490524527855,0.00446790070221589,0.0196049454989338,0.0240728462011497
187,0.817217147661371,0.82354286242503,0.823911239291794,0.00632571476365884,0.006694091630423,0.0119672836439305,0.0200718089556075,0.032039092599538
188,0.815511196803888,0.821824966430059,0.822270146404984,0.00631376962617125,0.0067589496010958,0.00600591498288838,0.0198517262547371,0.0258576412376255
189,0.815792036549003,0.822028804254825,0.822484313366965,0.00623676770582238,0.00669227681796181,0.0109651805506404,0.0194863414832864,0.0304515220339268
190,0.814949437458386,0.821402240292235,0.82175670812523,0.00645280283384886,0.00680727066684372,0.0112105718697541,0.0198221812602979,0.031032753130052
191,0.8160412353208,0.821972956313408,0.822545390445722,0.00593172099260797,0.00650415512492231,0.0111267852034427,0.0199101797841318,0.0310369649875744
192,0.815973954162516,0.822427562996495,0.822827072723437,0.00645360883397939,0.00685311856092075,0.0115734740657439,0.0196296977496643,0.0312031718154083
193,0.815548887887275,0.821691601156933,0.822202288721587,0.00614271326965787,0.00665340083431276,0.00363419334793549,0.0215588606886202,0.0251930540365557
194,0.815753432491464,0.822187268730732,0.822559708544067,0.00643383623926774,0.00680627605260309,0.0121093856704565,0.01848914241498,0.0305985280854365
195,0.815852957477514,0.822075279786495,0.822496079556278,0.00622232230898101,0.00664312207876427,0.00701640818552465,0.019146156967859,0.0261625651533837
196,0.815468868512734,0.821819882894081,0.822282412689671,0.00635101438134678,0.00681354417693636,0.014824835821305,0.0202747410307869,0.0350995768520919
197,0.81634728895861,0.822512012128242,0.822989881972999,0.00616472316963257,0.00664259301438919,0.00971184008174458,0.019939678638618,0.0296515187203626
198,0.814966871606414,0.821348373232137,0.821760139213351,0.00638150162572293,0.00679326760693755,0.0103727201131682,0.0201152197302197,0.030487939843388
199,0.815448453513111,0.821665146848749,0.82215036328391,0.0062166933356379,0.00670190977079821,0.00554127259983111,0.0204548494183298,0.0259961220181609
200,0.815871258521067,0.822197186462738,0.822606257800478,0.00632592794167108,0.00673499927941079,0.00990617384805359,0.0198051014276156,0.0297112752756692
201,0.815546654195787,0.82191222681042,0.822373951820629,0.00636557261463333,0.00682729762484202,0.0101015694381033,0.0202694106735992,0.0303709801117024
202,0.81575878495511,0.821951775695453,0.822386860856612,0.00619299074034318,0.00662807590150261,0.0111844177957192,0.0192346046699576,0.0304190224656767
203,0.81513216503407,0.821460190949116,0.822041115279039,0.00632802591504589,0.00690895024496929,0.00820606625129367,0.0190863872959543,0.027292453547248
204,0.816795227327122,0.822817278202292,0.823099243522612,0.00602205087517005,0.00630401619549037,0.00480726988207807,0.0196440336603218,0.0244513035423999
205,0.815034952105019,0.8215531266498,0.82202199203802,0.00651817454478176,0.00698703993300176,0.00662774385179145,0.0194768504532605,0.0261045943050519
206,0.815172151395855,0.821389872602425,0.821877119687925,0.00621772120656994,0.00670496829206946,0.00814719343621269,0.0182962036560213,0.026443397092234
207,0.816143029796445,0.822505952548132,0.822905086151454,0.00636292275168704,0.00676205635500937,0.0126135732686696,0.0197634240400571,0.0323769973087266
208,0.814918147164271,0.821468976750922,0.821998672952629,0.00655082958665143,0.00708052578835872,0.00698207661378608,0.0202622535051134,0.0272443301188995
209,0.816406119590359,0.822416073723,0.822776284829746,0.00600995413264116,0.00637016523938738,0.0122548265443377,0.0198169712696255,0.0320717978139632
210,0.816456625550401,0.822829881473343,0.82327759508653,0.00637325592294224,0.00682096953612898,0.0104235873680005,0.0202221382051337,0.0306457255731342
211,0.814850062216384,0.821035253848617,0.821470780908596,0.00618519163223297,0.00662071869221215,0.015078089374307,0.0195660617601898,0.0346441511344968
212,0.815706359215766,0.821939981970245,0.822400555037394,0.00623362275447881,0.00669419582162789,0.0114252863939932,0.0200159459468202,0.0314412323408134
213,0.815612856516642,0.821938054681161,0.822375244870724,0.00632519816451904,0.00676238835408227,0.00966038542778471,0.0189315579612976,0.0285919433890823
214,0.816043972176555,0.82238310860507,0.822932754626323,0.00633913642851491,0.00688878244976765,0.00760463667770433,0.0199921310472423,0.0275967677249466
215,0.815287673268633,0.821487608230947,0.821830650881733,0.00619993496231319,0.00654297761310008,0.00844655205691832,0.0202001218568135,0.0286466739137319
216,0.815002896362406,0.8212828050587,0.821739638435356,0.00627990869629413,0.00673674207294972,0.00533560266737183,0.0193631648953121,0.0246987675626839
217,0.81631338346352,0.822584651831368,0.823021183436651,0.00627126836784819,0.00670779997313153,0.0124427986046426,0.0196490800323083,0.032091878636951
218,0.815857392808147,0.822088319487763,0.822550123681357,0.00623092667961667,0.00669273087321032,0.00775707256722999,0.0201774981400181,0.0279345707072481
219,0.815456395582448,0.821782545201383,0.82219669450029,0.00632614961893518,0.006740298917842,0.0083257056439282,0.0195772869997233,0.0279029926436515
220,0.815636772806241,0.821824635923366,0.822361089533141,0.00618786311712549,0.00672431672690055,0.00927088902028238,0.0188865235407609,0.0281574125610433
221,0.815663565000403,0.822035754241817,0.822399724863551,0.00637218924141436,0.00673615986314813,0.00733447192001209,0.0198391937272479,0.02717366564726
222,0.815475112171997,0.821773295594605,0.822242665062858,0.00629818342260746,0.00676755289086028,0.00647183069626079,0.0194166810091005,0.0258885117053613
223,0.815826579643836,0.822087148450116,0.822508329615462,0.00626056880628056,0.00668174997162685,0.0134594400325806,0.0199661358764824,0.033425575909063
224,0.81563471932496,0.822005718547608,0.822489334391257,0.00637099922264861,0.00685461506629692,0.011336557282898,0.0200843660880779,0.031420923370976
225,0.815674731730995,0.821852538042909,0.822257761129477,0.00617780631191445,0.00658302939848221,0.0086094387008975,0.0197220016287508,0.0283314403296483
226,0.815687469374454,0.821987250447333,0.822420141373985,0.00629978107287921,0.00673267199953087,0.00878185772262254,0.0197853685893167,0.0285672263119392
227,0.81561661357884,0.821878555621854,0.822325682803447,0.00626194204301378,0.00670906922460657,0.010904704759953,0.019910950223115,0.030815654983068
228,0.815528362699348,0.821899204818447,0.822342555011678,0.00637084211909922,0.00681419231232983,0.00876504754079516,0.0204535639482689,0.029218611489064
229,0.815781485922717,0.821963963870901,0.822404237132089,0.00618247794818372,0.0066227512093715,0.00707203816866951,0.0195928760684964,0.0266649142371659
230,0.81634391468953,0.822642614860029,0.823090729726999,0.00629870017049916,0.00674681503746921,0.0138842733084028,0.0191168107928898,0.0330010841012926
231,0.814971365527526,0.821232899075853,0.821674528789696,0.00626153354832726,0.00670316326217069,0.00670415600771998,0.0192527963000257,0.0259569523077457
232,0.815533915076139,0.821813916283581,0.822296687348311,0.00628000120744177,0.00676277227217192,0.0112980515485187,0.0203286119863923,0.031626663534911
233,0.81578073378371,0.822047930125612,0.822457755956556,0.0062671963419022,0.00667702217284605,0.00787803656558527,0.0191321048680621,0.0270101414336474
234,0.814935491851044,0.821520204708166,0.821866615078992,0.00658471285712225,0.0069311232279482,0.00966460555283098,0.0194790211213097,0.0291436266741406
235,0.816389355077187,0.822360993928552,0.822893418772721,0.00597163885136487,0.00650406369553436,0.0133018339917699,0.0202352626774731,0.033537096669243
236,0.816148131867583,0.821819208737057,0.822338273843564,0.0056710768694741,0.00619014197598133,0.0019317032061886,0.0191522458775354,0.021083949083724
237,0.815196102132322,0.822126069399839,0.822477059369664,0.00692996726751716,0.00728095723734268,0.0107388407072211,0.0208022675392022,0.0315411082464233
238,0.81420204901021,0.820544738000812,0.820930440736879,0.00634268899060131,0.0067283917266685,0.00868231969870051,0.0184989191205049,0.0271812388192054
239,0.81711014793967,0.823325086652877,0.823827463082287,0.00621493871320755,0.00671731514261675,0.0124147112730841,0.0196279947952235,0.0320427060683076
240,0.81531134551759,0.821522549269039,0.82210830983651,0.00621120375144835,0.00679696431891974,0.00738435580567412,0.0192935404344474,0.0266778962401216
241,0.815991292872811,0.822363719636321,0.822648079461424,0.00637242676350991,0.00665678658861257,0.00866580646829577,0.0194617557816229,0.0281275622499187
242,0.815619706936171,0.822017405595506,0.822439318674595,0.00639769865933515,0.00681961173842471,0.0126366858531321,0.0190320498691791,0.0316687357223112
243,0.81569147663132,0.821853521393398,0.82232827201993,0.00616204476207816,0.00663679538860984,0.00636845155426926,0.019597061691451,0.0259655132457202
244,0.815640418932729,0.821907080656905,0.822344680286791,0.00626666172417567,0.00670426135406188,0.00822857148027803,0.0198415152139581,0.0280700866942361
245,0.815663532585832,0.821955364988648,0.822399154525516,0.00629183240281561,0.00673562193968402,0.0124283841493788,0.019270658295206,0.0316990424445849
246,0.815850152785216,0.822124183639899,0.822564848195121,0.00627403085468292,0.00671469540990521,0.0121630220734256,0.0205320190505303,0.0326950411239559
247,0.815467886137095,0.821741333414218,0.822195160756499,0.00627344727712287,0.00672727461940337,0.0113195756949016,0.0191008395605135,0.0304204152554151
248,0.815567276411327,0.821827399138773,0.822278643965953,0.00626012272744603,0.00671136755462598,0.00921610823623079,0.0197564825490233,0.0289725907852541
249,0.815740963128337,0.822036371254939,0.822473005614448,0.00629540812660279,0.00673204248611114,0.00788736941295957,0.0192630460974207,0.0271504155103802
250,0.815558871810609,0.821871753327645,0.82233123324486,0.00631288151703613,0.00677236143425042,0.00773905849199906,0.019617834523811,0.0273568930158101
251,0.815747499119213,0.821986505214048,0.822421498321543,0.0062390060948343,0.00667399920233014,0.0117236473054739,0.0200510236323507,0.0317746709378245
252,0.815551172013258,0.821837564643457,0.822289430227081,0.00628639263019848,0.00673825821382223,0.010036373958702,0.019339091388955,0.0293754653476569
253,0.815753059282906,0.822016637827528,0.822465663633157,0.00626357854462234,0.00671260435025167,0.0110661869826348,0.0194745022423265,0.0305406892249613
254,0.815785738650125,0.822019959086557,0.822490083229769,0.00623422043643229,0.00670434457964397,0.010318304335484,0.0195460152605741,0.029864319596058
255,0.815518502678278,0.821837943903455,0.82226361824746,0.0063194412251768,0.00674511556918167,0.00911673995208163,0.0196359145280558,0.0287526544801374
256,0.815526563740219,0.821765039971271,0.822197722532285,0.006238476231052,0.00667115879206603,0.0112233983206381,0.0191922473676822,0.0304156456883204
257,0.815790871730374,0.822128420362782,0.822574676650831,0.00633754863240854,0.00678380492045716,0.00884652659127496,0.0197372532825375,0.0285837798738124
258,0.815922759215619,0.822173311347788,0.822606183682665,0.00625055213216918,0.00668342446704528,0.0112311270147271,0.0193691543378781,0.0306002813526052
259,0.815378475010907,0.821695252114803,0.822153138646806,0.00631677710389533,0.00677466363589829,0.00773501725779764,0.0190078987945581,0.0267429160523558
260,0.815710289417302,0.821944309714209,0.822399177918953,0.00623402029690623,0.00668888850165061,0.00853002671563537,0.020073773945316,0.0286038006609513
261,0.815597156407507,0.821911836505925,0.822353488288335,0.00631468009841796,0.00675633188082836,0.0113138859840126,0.0195445892987156,0.0308584752827281
262,0.816236712691915,0.822419994211876,0.822849671672041,0.00618328151996073,0.0066129589801257,0.00941662790697188,0.0198854931965053,0.0293021211034772
263,0.815073099796471,0.821455374232064,0.821904910697447,0.00638227443559303,0.00683181090097618,0.00892597958744352,0.0197674877620594,0.0286934673495029
264,0.816022968928387,0.822430069991004,0.822838315559667,0.00640710106261699,0.00681534663127947,0.0154878227576367,0.0199853033860701,0.0354731261437068
265,0.815287443442681,0.821443851449478,0.821917027601788,0.00615640800679651,0.00662958415910697,0.00936301982712997,0.0197926495978397,0.0291556694249697
266,0.81565501660407,0.821918698408903,0.822372942657589,0.00626368180483228,0.00671792605351862,0.00767935387332953,0.019740951335269,0.0274203052085986
267,0.815647113801399,0.821943394744013,0.822379222112208,0.0062962809426137,0.00673210831080817,0.0110772812312825,0.0198216048877209,0.0308988861190034
268,0.815555846849926,0.821917527241706,0.822335472359064,0.00636168039178031,0.00677962550913769,0.00639505045051493,0.0199102756916065,0.0263053261421215
269,0.815754180830496,0.821954663911413,0.822427969897111,0.00620048308091714,0.00667378906661542,0.0113784456385141,0.0194601176751063,0.0308385633136204
270,0.815843606026861,0.822167347246704,0.822595985059139,0.0063237412198428,0.0067523790322781,0.00656283997756621,0.019399167306472,0.0259620072840382
271,0.815451331224937,0.821695814081268,0.822157562793208,0.00624448285633095,0.00670623156827077,0.0124406913501087,0.0200498456850207,0.0324905370351294
272,0.816048277851638,0.822331712520571,0.8227685519599,0.00628343466893289,0.00672027410826159,0.0094232227098334,0.0189481383747146,0.028371361084548
273,0.815259221944217,0.821527293652969,0.821982425098678,0.00626807170875177,0.00672320315446129,0.0105394900820081,0.0198567789600358,0.0303962690420439
274,0.815689998891733,0.821964013528011,0.82240507912364,0.00627401463627775,0.00671508023190692,0.00928486969396904,0.019838766158309,0.029123635852278
275,0.815613379739628,0.821895695533695,0.822343008328095,0.0062823157940668,0.00672962858846649,0.00859059261463553,0.0196178452580929,0.0282084378727285
276,0.815677117933376,0.821948057291385,0.822398092137145,0.00627093935800838,0.00672097420376871,0.0107648984512339,0.0198570179168503,0.0306219163680842
277,0.81562657454606,0.821906230409427,0.822350088861712,0.00627965586336776,0.00672351431565277,0.00928137227717637,0.0193928781867997,0.0286742504639761
278,0.815283823922227,0.821578226372736,0.822039639015566,0.00629440245050905,0.006755815093339,0.0129473119207167,0.0196692955495915,0.0326166074703082
279,0.81601281787434,0.822282237079307,0.822720770152416,0.00626941920496615,0.00670795227807597,0.00940659585581028,0.0201661749969448,0.0295727708527551
280,0.81552579547124,0.821800912163703,0.822250346182408,0.00627511669246306,0.00672455071116773,0.0101978583032628,0.0194025632649161,0.0296004215681788
281,0.815773799900495,0.822051066553577,0.822502234552569,0.0062772666530817,0.00672843465207373,0.0100218730938139,0.0196724637578805,0.0296943368516944
282,0.814453616137409,0.820747893107734,0.821119360136869,0.00629427697032547,0.00666574399946052,0.0119360925708955,0.0191098776233158,0.0310459701942113
283,0.816866820932832,0.823144434055751,0.823649070170504,0.00627761312291897,0.0067822492376719,0.00697908451484932,0.0197887694311964,0.0267678539460458
284,0.815637235719687,0.821908107559268,0.822359668342526,0.00627087183958064,0.00672243262283867,0.00668726928727057,0.0199001373308796,0.0265874066181501
285,0.815664513961428,0.821945871780426,0.822392551783818,0.00628135781899886,0.0067280378223904,0.0105904933547457,0.019697096995004,0.0302875903497497
286,0.815501064946272,0.821793212022169,0.822235564307712,0.00629214707589754,0.00673449936144022,0.0119375367931975,0.0194037069911057,0.0313412437843031
287,0.81580599457778,0.822061660408908,0.822516159196697,0.00625566583112791,0.00671016461891627,0.00758212226278955,0.0196851189097612,0.0272672411725508
288,0.815448270486947,0.821798370821756,0.822209088910207,0.00635010033480898,0.00676081842325993,0.00942486699229036,0.0199946433257577,0.029419510318048
289,0.815860719819375,0.822059105885062,0.822541682300643,0.0061983860656879,0.0066809624812687,0.0113792567309986,0.0191174444290475,0.0304967011600461
290,0.815595858857771,0.821864082466479,0.822296988475324,0.00626822360870782,0.00670112961755276,0.00956818086488428,0.0193754870630266,0.0289436679279108
291,0.815708990284851,0.821998138061839,0.822449230422066,0.00628914777698819,0.00674024013721508,0.0078202140832738,0.0200337408503441,0.0278539549336179
292,0.815513900800879,0.821774908520042,0.822212469209823,0.0062610077191636,0.00669856840894467,0.0110408653962614,0.0195784474711618,0.0306193128674232
293,0.815784617176479,0.822085651271774,0.822530093905337,0.0063010340952947,0.00674547672885817,0.0096717270233791,0.0198516267169454,0.0295233537403245
294,0.81585164396769,0.822255623395643,0.822701151349793,0.00640397942795357,0.00684950738210355,0.0079412504085202,0.0191945020634317,0.0271357524719519
295,0.815493819452205,0.821644730683848,0.822093556458927,0.00615091123164224,0.00659973700672145,0.00716311949324519,0.0205499450256165,0.0277130645188617
296,0.815560015449438,0.821854739457172,0.822235030066694,0.00629472400773312,0.00667501461725561,0.0101664838334309,0.0196061922598171,0.029772676093248
297,0.815740051876278,0.822003718675435,0.822513545341375,0.00626366679915691,0.00677349346509692,0.00863551235926487,0.0199923680017603,0.0286278803610252
298,0.815067566727107,0.821287712563915,0.821742834911708,0.00622014583680819,0.00667526818460129,0.00834410405575269,0.018697831082121,0.0270419351378736
299,0.816244039925551,0.822587645901764,0.823023885805604,0.00634360597621286,0.00677984588005254,0.00955941009085411,0.0204593085197875,0.0300187186106416
300,0.81593656381631,0.822227205065774,0.822669750646586,0.00629064124946466,0.00673318683027624,0.0119887638614338,0.019684013016656,0.0316727768780898
301,0.815365871640683,0.821629276480745,0.822078358729918,0.00626340484006283,0.00671248708923522,0.00915072938664028,0.0192423243689327,0.0283930537555729
