"row_type","label","HR","lower","upper","interaction_p","normal_events","normal_n","exposed_events","exposed_n","y","estimate_text","normal_text","exposed_text","interaction_text","lower_plot","upper_plot"
"section","Demographics",NA,NA,NA,NA,NA,NA,NA,NA,38,"","","","",0.22,4.8
"variable","Age, y",NA,NA,NA,0.00383141951403472,NA,NA,NA,NA,37,"","","","0.004",0.22,4.8
"level","   <60 years",2.41675028879599,1.89597344968512,3.08057159733196,NA,535,14658,156,1627,36,"2.42 (1.90-3.08)","  535/14,658","156/1,627","",1.89597344968512,3.08057159733196
"level","   >=60 years",1.8598662953819,1.62185106567898,2.13281152005745,NA,1088,5187,562,1403,35,"1.86 (1.62-2.13)","1,088/ 5,187","562/1,403","",1.62185106567898,2.13281152005745
"variable","Sex",NA,NA,NA,0.776366810054375,NA,NA,NA,NA,34,"","","","0.776",0.22,4.8
"level","   Men",2.18857342852796,1.86301923062581,2.57101675244095,NA,1016,10494,386,1396,33,"2.19 (1.86-2.57)","1,016/10,494","386/1,396","",1.86301923062581,2.57101675244095
"level","   Women",2.03156177882536,1.69644943057248,2.43287137642017,NA,607,9351,332,1634,32,"2.03 (1.70-2.43)","  607/ 9,351","332/1,634","",1.69644943057248,2.43287137642017
"variable","Race or ethnicity",NA,NA,NA,0.229176217802788,NA,NA,NA,NA,31,"","","","0.229",0.22,4.8
"level","   NH White",2.16950757440254,1.84392887139752,2.55257303489299,NA,950,9112,378,1123,30,"2.17 (1.84-2.55)","  950/ 9,112","378/1,123","",1.84392887139752,2.55257303489299
"level","   NH Black",1.7579363727056,1.41023532814877,2.19136496497931,NA,302,3720,131,650,29,"1.76 (1.41-2.19)","  302/ 3,720","131/  650","",1.41023532814877,2.19136496497931
"level","   Mexican American",1.74919052038523,1.27265398812988,2.40416287941832,NA,251,3426,132,671,28,"1.75 (1.27-2.40)","  251/ 3,426","132/  671","",1.27265398812988,2.40416287941832
"level","   Other Hispanic",1.65578380397589,0.953322350714348,2.87585831115205,NA,68,1726,46,283,27,"1.66 (0.95-2.88)","   68/ 1,726"," 46/  283","",0.953322350714348,2.87585831115205
"level","   Other/multiracial",2.31053208008917,1.0549596119317,5.06043874357043,NA,52,1861,31,303,26,"2.31 (1.05-5.06)","   52/ 1,861"," 31/  303","",1.0549596119317,4.8
"section","Cardiometabolic factors",NA,NA,NA,NA,NA,NA,NA,NA,25,"","","","",0.22,4.8
"variable","Body-mass index",NA,NA,NA,0.0919211924775425,NA,NA,NA,NA,24,"","","","0.092",0.22,4.8
"level","   Underweight",1.03017255224688,0.435595090461557,2.43633482250304,NA,35,170,25,66,23,"1.03 (0.44-2.44)","   35/   170"," 25/   66","",0.435595090461557,2.43633482250304
"level","   Normal weight",1.74301543997287,1.40518374911494,2.16206800420043,NA,472,5268,203,677,22,"1.74 (1.41-2.16)","  472/ 5,268","203/  677","",1.40518374911494,2.16206800420043
"level","   Overweight",2.19316596532948,1.77781484768398,2.70555561944244,NA,617,7443,235,908,21,"2.19 (1.78-2.71)","  617/ 7,443","235/  908","",1.77781484768398,2.70555561944244
"level","   Obesity",2.21367164122132,1.80889355986628,2.70902735455021,NA,499,6964,255,1379,20,"2.21 (1.81-2.71)","  499/ 6,964","255/1,379","",1.80889355986628,2.70902735455021
"variable","Glycemic status",NA,NA,NA,0.651649829592189,NA,NA,NA,NA,19,"","","","0.652",0.22,4.8
"level","   Normoglycemia",2.01253238123599,1.69048952503423,2.39592527817726,NA,975,13357,284,1231,18,"2.01 (1.69-2.40)","  975/13,357","284/1,231","",1.69048952503423,2.39592527817726
"level","   Prediabetes",1.98893240442114,1.53979273320209,2.56908090553852,NA,411,4630,161,734,17,"1.99 (1.54-2.57)","  411/ 4,630","161/  734","",1.53979273320209,2.56908090553852
"level","   Diabetes",2.17842821656774,1.68440696019494,2.8173414186019,NA,236,1837,272,1062,16,"2.18 (1.68-2.82)","  236/ 1,837","272/1,062","",1.68440696019494,2.8173414186019
"variable","Smoking status",NA,NA,NA,0.0925265838370482,NA,NA,NA,NA,15,"","","","0.093",0.22,4.8
"level","   Never",2.26174706804969,1.84724939183468,2.76925239355509,NA,602,10817,290,1567,14,"2.26 (1.85-2.77)","  602/10,817","290/1,567","",1.84724939183468,2.76925239355509
"level","   Former",1.99565764723976,1.63089509286287,2.44200222467737,NA,588,4930,250,790,13,"2.00 (1.63-2.44)","  588/ 4,930","250/  790","",1.63089509286287,2.44200222467737
"level","   Current",2.03181114491828,1.6155222999734,2.55536957223191,NA,433,4098,178,673,12,"2.03 (1.62-2.56)","  433/ 4,098","178/  673","",1.6155222999734,2.55536957223191
"variable","Dyslipidemia",NA,NA,NA,0.565466001992682,NA,NA,NA,NA,11,"","","","0.565",0.22,4.8
"level","   No",1.95397284210045,1.64635999936788,2.31906136515224,NA,816,10334,301,1188,10,"1.95 (1.65-2.32)","  816/10,334","301/1,188","",1.64635999936788,2.31906136515224
"level","   Yes",2.21223336974358,1.83350296872833,2.66919474125605,NA,807,9511,417,1842,9,"2.21 (1.83-2.67)","  807/ 9,511","417/1,842","",1.83350296872833,2.66919474125605
"section","Kidney function",NA,NA,NA,0.288489894948901,NA,NA,NA,NA,8,"","","","0.288",0.22,4.8
"level","   >=90",2.24728799085834,1.81897219474945,2.77645987576614,NA,669,12556,273,1735,7,"2.25 (1.82-2.78)","  669/12,556","273/1,735","",1.81897219474945,2.77645987576614
"level","   75-89",1.81347544912179,1.43485079049452,2.29201058838602,NA,540,4845,201,708,6,"1.81 (1.43-2.29)","  540/ 4,845","201/  708","",1.43485079049452,2.29201058838602
"level","   60-74",2.12534425624301,1.63904346512259,2.75592948183794,NA,414,2444,244,587,5,"2.13 (1.64-2.76)","  414/ 2,444","244/  587","",1.63904346512259,2.75592948183794
"section","Survey period",NA,NA,NA,0.317480437138879,NA,NA,NA,NA,4,"","","","0.317",0.22,4.8
"level","   1999-2008",1.92879771951538,1.67036700623026,2.22721152233708,NA,1253,8878,526,1401,3,"1.93 (1.67-2.23)","1,253/ 8,878","526/1,401","",1.67036700623026,2.22721152233708
"level","   2009-2018",2.61836540173543,1.98275565051974,3.45773185677621,NA,370,10967,192,1629,2,"2.62 (1.98-3.46)","  370/10,967","192/1,629","",1.98275565051974,3.45773185677621
"overall","Overall (complete-case Model 3)",2.0932669287538,1.84219921762802,2.3785518922629,NA,1623,19845,718,3030,1,"2.09 (1.84-2.38)","1,623/19,845","718/3,030","",1.84219921762802,2.3785518922629
